"","firm","employee","Executive Investor","Executive Non-Investor","Non-Executive Investor","Non-Executive Non-Investor","Female","Male","White","Black","Asian/Indian","Latino/a","Other Non-White","White & Female","White & Male","Black & Female","Black & Male","Asian/Indian & Female","Asian/Indian & Male","Latina","Latino","Other Non-White & Female","Other Non-White & Male","Size of Most Recent Fund ($MM)","Size of Most Recent Fund ($MM) Grouping","VC Firm","Angel Group","Family Office","Other","Industry Focus - Tech","Industry Focus - Consumer","Industry Focus - General","Industry Focus - Other","Main Focus Midwest?","First Time Fund?"
"1","Firm 1","Employee 1",1,0,0,0,1,0,1,0,0,0,0,1,0,0,0,0,0,0,0,0,0,"15","$5-$15",0,1,0,0,1,0,1,0,0,1
"2","Firm 1","Employee 2",0,0,1,0,1,0,1,0,0,0,0,1,0,0,0,0,0,0,0,0,0,"15","$5-$15",0,1,0,0,1,0,1,0,0,1
"3","Firm 1","Employee 3",0,0,1,0,1,0,1,0,0,0,0,1,0,0,0,0,0,0,0,0,0,"15","$5-$15",0,1,0,0,1,0,1,0,0,1
"4","Firm 1","Employee 4",0,0,0,1,1,0,0,0,1,0,0,0,0,0,0,1,0,0,0,0,0,"15","$5-$15",0,1,0,0,1,0,1,0,0,1
"5","Firm 1","Employee 5",0,0,0,1,1,0,1,0,0,0,0,1,0,0,0,0,0,0,0,0,0,"15","$5-$15",0,1,0,0,1,0,1,0,0,1
"6","Firm 1","Employee 6",0,0,0,1,1,0,1,0,0,0,0,1,0,0,0,0,0,0,0,0,0,"15","$5-$15",0,1,0,0,1,0,1,0,0,1
"7","Firm 1","Employee 7",0,0,1,0,1,0,1,0,0,0,0,1,0,0,0,0,0,0,0,0,0,"15","$5-$15",0,1,0,0,1,0,1,0,0,1
"8","Firm 2","Employee 1",0,0,1,0,0,1,1,0,0,0,0,0,1,0,0,0,0,0,0,0,0,"66.04","$15.1-$99",1,0,0,0,1,0,0,0,1,0
"9","Firm 2","Employee 2",0,0,1,0,1,0,1,0,0,0,0,1,0,0,0,0,0,0,0,0,0,"66.04","$15.1-$99",1,0,0,0,1,0,0,0,1,0
"10","Firm 2","Employee 3",1,0,0,0,0,1,1,0,0,0,0,0,1,0,0,0,0,0,0,0,0,"66.04","$15.1-$99",1,0,0,0,1,0,0,0,1,0
"11","Firm 2","Employee 4",1,0,0,0,0,1,1,0,0,0,0,0,1,0,0,0,0,0,0,0,0,"66.04","$15.1-$99",1,0,0,0,1,0,0,0,1,0
"12","Firm 2","Employee 5",0,0,0,1,1,0,1,0,0,0,0,1,0,0,0,0,0,0,0,0,0,"66.04","$15.1-$99",1,0,0,0,1,0,0,0,1,0
"13","Firm 3","Employee 1",0,0,1,0,0,1,0,0,1,0,0,0,0,0,0,0,1,0,0,0,0,"66.04","$15.1-$99",1,0,0,0,1,0,0,0,1,0
"14","Firm 3","Employee 2",1,0,0,0,0,1,1,0,0,0,0,0,1,0,0,0,0,0,0,0,0,"66.04","$15.1-$99",1,0,0,0,1,0,0,0,1,0
"15","Firm 3","Employee 3",1,0,0,0,1,0,1,0,0,0,0,1,0,0,0,0,0,0,0,0,0,"N/A","N/A",1,0,0,0,0,1,0,0,0,0
"16","Firm 3","Employee 4",1,0,0,0,0,1,1,0,0,0,0,0,1,0,0,0,0,0,0,0,0,"N/A","N/A",1,0,0,0,0,1,0,0,0,0
"17","Firm 3","Employee 5",0,0,1,0,1,0,1,0,0,0,0,1,0,0,0,0,0,0,0,0,0,"N/A","N/A",1,0,0,0,0,1,0,0,0,0
"18","Firm 4","Employee 1",0,0,1,0,0,1,1,0,0,0,0,0,1,0,0,0,0,0,0,0,0,"N/A","N/A",1,0,0,0,0,1,0,0,0,0
"19","Firm 4","Employee 2",0,0,1,0,1,0,1,0,0,0,0,1,0,0,0,0,0,0,0,0,0,"N/A","N/A",1,0,0,0,0,1,0,0,0,0
"20","Firm 4","Employee 3",0,1,0,0,0,1,1,0,0,0,0,0,1,0,0,0,0,0,0,0,0,"N/A","N/A",1,0,0,0,0,1,0,0,0,0
"21","Firm 4","Employee 4",1,0,0,0,0,1,1,0,0,0,0,0,1,0,0,0,0,0,0,0,0,"100","$100+",1,0,0,0,1,0,0,0,0,1
"22","Firm 4","Employee 5",1,0,0,0,0,1,1,0,0,0,0,0,1,0,0,0,0,0,0,0,0,"100","$100+",1,0,0,0,1,0,0,0,0,1
"23","Firm 4","Employee 6",0,0,1,0,1,0,0,0,1,0,0,0,0,0,0,1,0,0,0,0,0,"310","$100+",1,0,0,0,1,0,0,1,1,0
"24","Firm 4","Employee 7",0,0,1,0,1,0,1,0,0,0,0,1,0,0,0,0,0,0,0,0,0,"310","$100+",1,0,0,0,1,0,0,1,1,0
"25","Firm 4","Employee 8",0,0,1,0,0,1,1,0,0,0,0,0,1,0,0,0,0,0,0,0,0,"310","$100+",1,0,0,0,1,0,0,1,1,0
"26","Firm 5","Employee 1",1,0,0,0,0,1,1,0,0,0,0,0,1,0,0,0,0,0,0,0,0,"100","$100+",1,0,0,0,1,0,0,0,0,1
"27","Firm 5","Employee 2",1,0,0,0,0,1,1,0,0,0,0,0,1,0,0,0,0,0,0,0,0,"100","$100+",1,0,0,0,1,0,0,0,0,1
"28","Firm 6","Employee 1",0,1,0,0,0,1,1,0,0,0,0,0,1,0,0,0,0,0,0,0,0,"100","$100+",1,0,0,0,1,0,0,0,0,1
"29","Firm 6","Employee 2",1,0,0,0,0,1,1,0,0,0,0,0,1,0,0,0,0,0,0,0,0,"86.42","$15.1-$99",1,0,0,0,1,0,0,1,0,0
"30","Firm 6","Employee 3",1,0,0,0,0,1,1,0,0,0,0,0,1,0,0,0,0,0,0,0,0,"86.42","$15.1-$99",1,0,0,0,1,0,0,1,0,0
"31","Firm 6","Employee 4",1,0,0,0,0,1,1,0,0,0,0,0,1,0,0,0,0,0,0,0,0,"86.42","$15.1-$99",1,0,0,0,1,0,0,1,0,0
"32","Firm 6","Employee 5",1,0,0,0,0,1,1,0,0,0,0,0,1,0,0,0,0,0,0,0,0,"86.42","$15.1-$99",1,0,0,0,1,0,0,1,0,0
"33","Firm 6","Employee 6",1,0,0,0,0,1,0,0,1,0,0,0,0,0,0,0,1,0,0,0,0,"86.42","$15.1-$99",1,0,0,0,1,0,0,1,0,0
"34","Firm 7","Employee 1",1,0,0,0,0,1,1,0,0,0,0,0,1,0,0,0,0,0,0,0,0,"86.42","$15.1-$99",1,0,0,0,1,0,0,1,0,0
"35","Firm 7","Employee 2",0,0,1,0,1,0,1,0,0,0,0,1,0,0,0,0,0,0,0,0,0,"86.42","$15.1-$99",1,0,0,0,1,0,0,1,0,0
"36","Firm 7","Employee 3",0,0,1,0,0,1,1,0,0,0,0,0,1,0,0,0,0,0,0,0,0,"86.42","$15.1-$99",1,0,0,0,1,0,0,1,0,0
"37","Firm 7","Employee 4",0,0,1,0,0,1,1,0,0,0,0,0,1,0,0,0,0,0,0,0,0,"86.42","$15.1-$99",1,0,0,0,1,0,0,1,0,0
"38","Firm 7","Employee 5",0,0,1,0,0,1,1,0,0,0,0,0,1,0,0,0,0,0,0,0,0,"86.42","$15.1-$99",1,0,0,0,1,0,0,1,0,0
"39","Firm 7","Employee 6",0,0,1,0,0,1,1,0,0,0,0,0,1,0,0,0,0,0,0,0,0,"86.42","$15.1-$99",1,0,0,0,1,0,0,1,0,0
"40","Firm 7","Employee 7",1,0,0,0,0,1,1,0,0,0,0,0,1,0,0,0,0,0,0,0,0,"408","$100+",1,0,0,0,0,0,0,1,0,0
"41","Firm 7","Employee 8",0,1,0,0,0,1,1,0,0,0,0,0,1,0,0,0,0,0,0,0,0,"408","$100+",1,0,0,0,0,0,0,1,0,0
"42","Firm 7","Employee 9",1,0,0,0,0,1,1,0,0,0,0,0,1,0,0,0,0,0,0,0,0,"408","$100+",1,0,0,0,0,0,0,1,0,0
"43","Firm 8","Employee 1",0,0,1,0,0,1,1,0,0,0,0,0,1,0,0,0,0,0,0,0,0,"408","$100+",1,0,0,0,0,0,0,1,0,0
"44","Firm 8","Employee 2",0,0,1,0,0,1,1,0,0,0,0,0,1,0,0,0,0,0,0,0,0,"408","$100+",1,0,0,0,0,0,0,1,0,0
"45","Firm 8","Employee 3",0,0,1,0,0,1,1,0,0,0,0,0,1,0,0,0,0,0,0,0,0,"408","$100+",1,0,0,0,0,0,0,1,0,0
"46","Firm 8","Employee 4",0,0,1,0,0,1,0,0,1,0,0,0,0,0,0,0,1,0,0,0,0,"408","$100+",1,0,0,0,0,0,0,1,0,0
"47","Firm 9","Employee 1",1,0,0,0,0,1,0,0,1,0,0,0,0,0,0,0,1,0,0,0,0,"310","$100+",1,0,0,0,1,0,0,1,1,0
"48","Firm 9","Employee 2",1,0,0,0,0,1,1,0,0,0,0,0,1,0,0,0,0,0,0,0,0,"310","$100+",1,0,0,0,1,0,0,1,1,0
"49","Firm 9","Employee 3",1,0,0,0,0,1,1,0,0,0,0,0,1,0,0,0,0,0,0,0,0,"310","$100+",1,0,0,0,1,0,0,1,1,0
"50","Firm 9","Employee 4",1,0,0,0,1,0,0,1,0,0,0,0,0,1,0,0,0,0,0,0,0,"310","$100+",1,0,0,0,1,0,0,1,1,0
"51","Firm 10","Employee 1",0,0,1,0,1,0,1,0,0,0,0,1,0,0,0,0,0,0,0,0,0,"310","$100+",1,0,0,0,1,0,0,1,1,0
"52","Firm 10","Employee 2",1,0,0,0,0,1,1,0,0,0,0,0,1,0,0,0,0,0,0,0,0,"N/A","N/A",0,0,1,0,0,1,0,0,0,0
"53","Firm 10","Employee 3",1,0,0,0,0,1,1,0,0,0,0,0,1,0,0,0,0,0,0,0,0,"N/A","N/A",0,0,1,0,0,1,0,0,0,0
"54","Firm 10","Employee 4",0,0,1,0,1,0,1,0,0,0,0,1,0,0,0,0,0,0,0,0,0,"N/A","N/A",0,0,1,0,0,1,0,0,0,0
"55","Firm 10","Employee 5",1,0,0,0,0,1,1,0,0,0,0,0,1,0,0,0,0,0,0,0,0,"4.6","$5-$15",0,0,0,1,0,0,0,1,1,0
"56","Firm 11","Employee 1",1,0,0,0,0,1,1,0,0,0,0,0,1,0,0,0,0,0,0,0,0,"4.6","$5-$15",0,0,0,1,0,0,0,1,1,0
"57","Firm 11","Employee 2",0,1,0,0,0,1,1,0,0,0,0,0,1,0,0,0,0,0,0,0,0,"4.6","$5-$15",0,0,0,1,0,0,0,1,1,0
"58","Firm 11","Employee 3",1,0,0,0,0,1,0,1,0,0,0,0,0,0,1,0,0,0,0,0,0,"N/A","N/A",1,0,0,0,1,1,0,0,0,1
"59","Firm 11","Employee 4",0,0,1,0,0,1,1,0,0,0,0,0,1,0,0,0,0,0,0,0,0,"N/A","N/A",1,0,0,0,1,1,0,0,0,1
"60","Firm 11","Employee 5",0,0,0,1,0,1,1,0,0,0,0,0,1,0,0,0,0,0,0,0,0,"N/A","N/A",1,0,0,0,1,1,0,0,0,1
"61","Firm 11","Employee 6",1,0,0,0,1,0,0,1,0,0,0,0,0,1,0,0,0,0,0,0,0,"N/A","N/A",1,0,0,0,1,1,0,0,0,1
"62","Firm 11","Employee 7",0,0,1,0,0,1,1,0,0,0,0,0,1,0,0,0,0,0,0,0,0,"N/A","N/A",1,0,0,0,1,1,0,0,0,1
"63","Firm 11","Employee 8",1,0,0,0,0,1,1,0,0,0,0,0,1,0,0,0,0,0,0,0,0,"37","$15.1-$99",1,0,0,0,1,0,0,0,0,0
"64","Firm 11","Employee 9",1,0,0,0,0,1,1,0,0,0,0,0,1,0,0,0,0,0,0,0,0,"37","$15.1-$99",1,0,0,0,1,0,0,0,0,0
"65","Firm 11","Employee 10",0,0,1,0,0,1,1,0,0,0,0,0,1,0,0,0,0,0,0,0,0,"37","$15.1-$99",1,0,0,0,1,0,0,0,0,0
"66","Firm 11","Employee 11",0,0,1,0,0,1,1,0,0,0,0,0,1,0,0,0,0,0,0,0,0,"37","$15.1-$99",1,0,0,0,1,0,0,0,0,0
"67","Firm 12","Employee 1",1,0,0,0,0,1,1,0,0,0,0,0,1,0,0,0,0,0,0,0,0,"N/A","N/A",0,0,1,0,0,0,1,0,0,0
"68","Firm 12","Employee 2",1,0,0,0,0,1,1,0,0,0,0,0,1,0,0,0,0,0,0,0,0,"N/A","N/A",0,0,1,0,0,0,1,0,0,0
"69","Firm 12","Employee 3",0,0,1,0,0,1,1,0,0,0,0,0,1,0,0,0,0,0,0,0,0,"N/A","N/A",0,0,1,0,0,0,1,0,0,0
"70","Firm 13","Employee 1",0,0,1,0,0,1,1,0,0,0,0,0,1,0,0,0,0,0,0,0,0,"N/A","N/A",0,0,1,0,0,0,1,0,0,0
"71","Firm 13","Employee 2",0,0,1,0,1,0,1,0,0,0,0,1,0,0,0,0,0,0,0,0,0,"N/A","N/A",0,0,1,0,0,0,1,0,0,0
"72","Firm 13","Employee 3",0,0,1,0,1,0,1,0,0,0,0,1,0,0,0,0,0,0,0,0,0,"N/A","N/A",0,0,1,0,0,0,1,0,0,0
"73","Firm 13","Employee 4",0,0,1,0,0,1,1,0,0,0,0,0,1,0,0,0,0,0,0,0,0,"N/A","N/A",0,0,1,0,0,0,1,0,0,0
"74","Firm 13","Employee 5",0,0,0,1,0,1,0,0,0,0,1,0,0,0,0,0,0,0,0,0,1,"N/A","N/A",0,0,1,0,0,0,1,0,0,0
"75","Firm 13","Employee 6",0,0,0,1,0,1,1,0,0,0,0,0,1,0,0,0,0,0,0,0,0,"N/A","N/A",0,0,1,0,0,0,1,0,0,0
"76","Firm 13","Employee 7",0,0,0,1,1,0,1,0,0,0,0,1,0,0,0,0,0,0,0,0,0,"N/A","N/A",0,0,1,0,0,0,1,0,0,0
"77","Firm 13","Employee 8",0,0,0,1,1,0,0,0,0,1,0,0,0,0,0,0,0,1,0,0,0,"N/A","N/A",0,0,1,0,0,0,1,0,0,0
"78","Firm 13","Employee 9",1,0,0,0,0,1,1,0,0,0,0,0,1,0,0,0,0,0,0,0,0,"15","$5-$15",1,0,0,0,1,0,0,1,0,1
"79","Firm 13","Employee 10",1,0,0,0,0,1,1,0,0,0,0,0,1,0,0,0,0,0,0,0,0,"15","$5-$15",1,0,0,0,1,0,0,1,0,1
"80","Firm 13","Employee 11",0,0,1,0,0,1,1,0,0,0,0,0,1,0,0,0,0,0,0,0,0,"15","$5-$15",1,0,0,0,1,0,0,1,0,1
"81","Firm 13","Employee 12",0,0,1,0,0,1,1,0,0,0,0,0,1,0,0,0,0,0,0,0,0,"15","$5-$15",1,0,0,0,1,0,0,1,0,1
"82","Firm 14","Employee 1",0,0,1,0,0,1,1,0,0,0,0,0,1,0,0,0,0,0,0,0,0,"15","$5-$15",1,0,0,0,1,0,0,1,0,1
"83","Firm 14","Employee 2",0,0,1,0,0,1,1,0,0,0,0,0,1,0,0,0,0,0,0,0,0,"91","$15.1-$99",1,0,0,0,1,0,0,0,0,0
"84","Firm 15","Employee 1",1,0,0,0,0,1,1,0,0,0,0,0,1,0,0,0,0,0,0,0,0,"91","$15.1-$99",1,0,0,0,1,0,0,0,0,0
"85","Firm 15","Employee 2",0,0,1,0,0,1,1,0,0,0,0,0,1,0,0,0,0,0,0,0,0,"91","$15.1-$99",1,0,0,0,1,0,0,0,0,0
"86","Firm 15","Employee 3",1,0,0,0,0,1,1,0,0,0,0,0,1,0,0,0,0,0,0,0,0,"91","$15.1-$99",1,0,0,0,1,0,0,0,0,0
"87","Firm 15","Employee 4",1,0,0,0,0,1,1,0,0,0,0,0,1,0,0,0,0,0,0,0,0,"91","$15.1-$99",1,0,0,0,1,0,0,0,0,0
"88","Firm 15","Employee 5",1,0,0,0,0,1,1,0,0,0,0,0,1,0,0,0,0,0,0,0,0,"91","$15.1-$99",1,0,0,0,1,0,0,0,0,0
"89","Firm 15","Employee 6",0,0,1,0,0,1,1,0,0,0,0,0,1,0,0,0,0,0,0,0,0,"91","$15.1-$99",1,0,0,0,1,0,0,0,0,0
"90","Firm 15","Employee 7",1,0,0,0,0,1,1,0,0,0,0,0,1,0,0,0,0,0,0,0,0,"91","$15.1-$99",1,0,0,0,1,0,0,0,0,0
"91","Firm 15","Employee 8",0,0,1,0,0,1,1,0,0,0,0,0,1,0,0,0,0,0,0,0,0,"91","$15.1-$99",1,0,0,0,1,0,0,0,0,0
"92","Firm 15","Employee 9",0,0,1,0,0,1,1,0,0,0,0,0,1,0,0,0,0,0,0,0,0,"91","$15.1-$99",1,0,0,0,1,0,0,0,0,0
"93","Firm 15","Employee 10",1,0,0,0,0,1,1,0,0,0,0,0,1,0,0,0,0,0,0,0,0,"91","$15.1-$99",1,0,0,0,1,0,0,0,0,0
"94","Firm 15","Employee 11",0,0,1,0,0,1,1,0,0,0,0,0,1,0,0,0,0,0,0,0,0,"91","$15.1-$99",1,0,0,0,1,0,0,0,0,0
"95","Firm 15","Employee 12",0,0,1,0,0,1,1,0,0,0,0,0,1,0,0,0,0,0,0,0,0,"91","$15.1-$99",1,0,0,0,1,0,0,0,0,0
"96","Firm 15","Employee 13",0,0,1,0,0,1,1,0,0,0,0,0,1,0,0,0,0,0,0,0,0,"91","$15.1-$99",1,0,0,0,1,0,0,0,0,0
"97","Firm 15","Employee 14",1,0,0,0,0,1,1,0,0,0,0,0,1,0,0,0,0,0,0,0,0,"N/A","N/A",0,0,1,0,0,0,1,0,0,0
"98","Firm 15","Employee 15",0,0,1,0,0,1,1,0,0,0,0,0,1,0,0,0,0,0,0,0,0,"N/A","N/A",0,0,1,0,0,0,1,0,0,0
"99","Firm 15","Employee 16",1,0,0,0,0,1,1,0,0,0,0,0,1,0,0,0,0,0,0,0,0,"N/A","N/A",0,1,0,0,1,0,0,0,1,0
"100","Firm 15","Employee 17",0,0,1,0,0,1,1,0,0,0,0,0,1,0,0,0,0,0,0,0,0,"N/A","N/A",0,1,0,0,1,0,0,0,1,0
"101","Firm 15","Employee 18",0,0,0,1,1,0,1,0,0,0,0,1,0,0,0,0,0,0,0,0,0,"N/A","N/A",0,1,0,0,1,0,0,0,1,0
"102","Firm 15","Employee 19",0,0,1,0,0,1,1,0,0,0,0,0,1,0,0,0,0,0,0,0,0,"N/A","N/A",0,1,0,0,1,0,0,0,1,0
"103","Firm 15","Employee 20",0,0,1,0,1,0,1,0,0,0,0,1,0,0,0,0,0,0,0,0,0,"N/A","N/A",0,1,0,0,1,0,0,0,1,0
"104","Firm 15","Employee 21",1,0,0,0,0,1,1,0,0,0,0,0,1,0,0,0,0,0,0,0,0,"65","$15.1-$99",1,0,0,0,1,0,0,0,1,0
"105","Firm 15","Employee 22",1,0,0,0,0,1,1,0,0,0,0,0,1,0,0,0,0,0,0,0,0,"65","$15.1-$99",1,0,0,0,1,0,0,0,1,0
"106","Firm 15","Employee 23",1,0,0,0,0,1,1,0,0,0,0,0,1,0,0,0,0,0,0,0,0,"65","$15.1-$99",1,0,0,0,1,0,0,0,1,0
"107","Firm 15","Employee 24",0,0,1,0,0,1,1,0,0,0,0,0,1,0,0,0,0,0,0,0,0,"65","$15.1-$99",1,0,0,0,1,0,0,0,1,0
"108","Firm 15","Employee 25",0,0,1,0,1,0,1,0,0,0,0,1,0,0,0,0,0,0,0,0,0,"65","$15.1-$99",1,0,0,0,1,0,0,0,1,0
"109","Firm 15","Employee 26",0,0,0,1,1,0,1,0,0,0,0,1,0,0,0,0,0,0,0,0,0,"65","$15.1-$99",1,0,0,0,1,0,0,0,1,0
"110","Firm 15","Employee 27",0,1,0,0,1,0,1,0,0,0,0,1,0,0,0,0,0,0,0,0,0,"65","$15.1-$99",1,0,0,0,1,0,0,0,1,0
"111","Firm 15","Employee 28",0,0,0,1,1,0,1,0,0,0,0,1,0,0,0,0,0,0,0,0,0,"65","$15.1-$99",1,0,0,0,1,0,0,0,1,0
"112","Firm 16","Employee 1",0,0,0,1,1,0,1,0,0,0,0,1,0,0,0,0,0,0,0,0,0,"65","$15.1-$99",1,0,0,0,1,0,0,0,1,0
"113","Firm 16","Employee 2",0,0,1,0,1,0,1,0,0,0,0,1,0,0,0,0,0,0,0,0,0,"10","$5-$15",1,0,0,0,1,0,0,1,0,0
"114","Firm 16","Employee 3",1,0,0,0,1,0,1,0,0,0,0,1,0,0,0,0,0,0,0,0,0,"10","$5-$15",1,0,0,0,1,0,0,1,0,0
"115","Firm 17","Employee 1",0,0,0,1,1,0,1,0,0,0,0,1,0,0,0,0,0,0,0,0,0,"10","$5-$15",1,0,0,0,1,0,0,1,0,0
"116","Firm 17","Employee 2",1,0,0,0,0,1,0,0,1,0,0,0,0,0,0,0,1,0,0,0,0,"10","$5-$15",1,0,0,0,1,0,0,1,0,0
"117","Firm 17","Employee 3",1,0,0,0,1,0,0,0,1,0,0,0,0,0,0,1,0,0,0,0,0,"10","$5-$15",1,0,0,0,1,0,0,1,0,0
"118","Firm 17","Employee 4",1,0,0,0,1,0,1,0,0,0,0,1,0,0,0,0,0,0,0,0,0,"10","$5-$15",1,0,0,0,1,0,0,1,0,0
"119","Firm 17","Employee 5",0,0,1,0,0,1,0,0,1,0,0,0,0,0,0,0,1,0,0,0,0,"10","$5-$15",1,0,0,0,1,0,0,1,0,0
"120","Firm 17","Employee 6",0,0,0,1,1,0,1,0,0,0,0,1,0,0,0,0,0,0,0,0,0,"10","$5-$15",1,0,0,0,1,0,0,1,0,0
"121","Firm 17","Employee 7",0,1,0,0,0,1,1,0,0,0,0,0,1,0,0,0,0,0,0,0,0,"100","$100+",1,0,0,0,1,0,0,0,0,0
"122","Firm 18","Employee 1",0,1,0,0,0,1,1,0,0,0,0,0,1,0,0,0,0,0,0,0,0,"100","$100+",1,0,0,0,1,0,0,0,0,0
"123","Firm 18","Employee 2",0,0,1,0,1,0,1,0,0,0,0,1,0,0,0,0,0,0,0,0,0,"100","$100+",1,0,0,0,1,0,0,0,0,0
"124","Firm 19","Employee 1",0,1,0,0,0,1,1,0,0,0,0,0,1,0,0,0,0,0,0,0,0,"100","$100+",1,0,0,0,1,0,0,0,0,0
"125","Firm 19","Employee 2",1,0,0,0,0,1,1,0,0,0,0,0,1,0,0,0,0,0,0,0,0,"100","$100+",1,0,0,0,1,0,0,0,0,0
"126","Firm 20","Employee 1",0,0,1,0,0,1,1,0,0,0,0,0,1,0,0,0,0,0,0,0,0,"100","$100+",1,0,0,0,1,0,0,0,0,0
"127","Firm 20","Employee 2",0,0,0,1,1,0,1,0,0,0,0,1,0,0,0,0,0,0,0,0,0,"100","$100+",1,0,0,0,1,0,0,0,0,0
"128","Firm 20","Employee 3",1,0,0,0,0,1,0,0,1,0,0,0,0,0,0,0,1,0,0,0,0,"100","$100+",1,0,0,0,1,0,0,0,0,0
"129","Firm 21","Employee 1",0,0,0,1,1,0,1,0,0,0,0,1,0,0,0,0,0,0,0,0,0,"100","$100+",1,0,0,0,1,0,0,0,0,0
"130","Firm 22","Employee 1",0,0,1,0,0,1,1,0,0,0,0,0,1,0,0,0,0,0,0,0,0,"N/A","N/A",0,0,1,0,0,1,0,0,0,0
"131","Firm 22","Employee 2",1,0,0,0,0,1,1,0,0,0,0,0,1,0,0,0,0,0,0,0,0,"11","$5-$15",1,0,0,0,0,0,1,0,1,0
"132","Firm 22","Employee 3",0,0,1,0,0,1,0,0,0,0,1,0,0,0,0,0,0,0,0,0,1,"11","$5-$15",1,0,0,0,0,0,1,0,1,0
"133","Firm 23","Employee 1",0,0,1,0,1,0,0,0,1,0,0,0,0,0,0,1,0,0,0,0,0,"11","$5-$15",1,0,0,0,0,0,1,0,1,0
"134","Firm 23","Employee 2",1,0,0,0,0,1,1,0,0,0,0,0,1,0,0,0,0,0,0,0,0,"28","$15.1-$99",1,0,0,0,1,0,0,0,0,1
"135","Firm 23","Employee 3",1,0,0,0,0,1,1,0,0,0,0,0,1,0,0,0,0,0,0,0,0,"28","$15.1-$99",1,0,0,0,1,0,0,0,0,1
"136","Firm 23","Employee 4",1,0,0,0,1,0,1,0,0,0,0,1,0,0,0,0,0,0,0,0,0,"28","$15.1-$99",1,0,0,0,1,0,0,0,0,1
"137","Firm 23","Employee 5",0,0,1,0,1,0,0,0,0,1,0,0,0,0,0,0,0,1,0,0,0,"28","$15.1-$99",1,0,0,0,1,0,0,0,0,1
"138","Firm 23","Employee 6",0,1,0,0,0,1,1,0,0,0,0,0,1,0,0,0,0,0,0,0,0,"28","$15.1-$99",1,0,0,0,1,0,0,0,0,1
"139","Firm 24","Employee 1",0,0,0,1,1,0,1,0,0,0,0,1,0,0,0,0,0,0,0,0,0,"28","$15.1-$99",1,0,0,0,1,0,0,0,0,1
"140","Firm 24","Employee 2",1,0,0,0,0,1,1,0,0,0,0,0,1,0,0,0,0,0,0,0,0,"100","$100+",1,0,0,0,1,0,0,0,0,0
"141","Firm 24","Employee 3",1,0,0,0,0,1,1,0,0,0,0,0,1,0,0,0,0,0,0,0,0,"100","$100+",1,0,0,0,1,0,0,0,0,0
"142","Firm 24","Employee 4",1,0,0,0,0,1,1,0,0,0,0,0,1,0,0,0,0,0,0,0,0,"100","$100+",1,0,0,0,1,0,0,0,0,0
"143","Firm 24","Employee 5",1,0,0,0,0,1,1,0,0,0,0,0,1,0,0,0,0,0,0,0,0,"100","$100+",1,0,0,0,1,0,0,0,0,0
"144","Firm 24","Employee 6",1,0,0,0,0,1,1,0,0,0,0,0,1,0,0,0,0,0,0,0,0,"100","$100+",1,0,0,0,1,0,0,0,0,0
"145","Firm 24","Employee 7",1,0,0,0,0,1,1,0,0,0,0,0,1,0,0,0,0,0,0,0,0,"100","$100+",1,0,0,0,1,0,0,0,0,0
"146","Firm 24","Employee 8",0,0,1,0,0,1,0,0,0,0,1,0,0,0,0,0,0,0,0,0,1,"100","$100+",1,0,0,0,1,0,0,0,0,0
"147","Firm 25","Employee 1",0,0,1,0,0,1,0,0,0,0,1,0,0,0,0,0,0,0,0,0,1,"100","$100+",1,0,0,0,1,0,0,0,0,0
"148","Firm 25","Employee 2",1,0,0,0,0,1,1,0,0,0,0,0,1,0,0,0,0,0,0,0,0,"80.55","$15.1-$99",1,0,0,0,1,0,0,0,0,0
"149","Firm 25","Employee 3",1,0,0,0,0,1,1,0,0,0,0,0,1,0,0,0,0,0,0,0,0,"80.55","$15.1-$99",1,0,0,0,1,0,0,0,0,0
"150","Firm 26","Employee 1",1,0,0,0,0,1,1,0,0,0,0,0,1,0,0,0,0,0,0,0,0,"80.55","$15.1-$99",1,0,0,0,1,0,0,0,0,0
"151","Firm 26","Employee 2",1,0,0,0,0,1,1,0,0,0,0,0,1,0,0,0,0,0,0,0,0,"80.55","$15.1-$99",1,0,0,0,1,0,0,0,0,0
"152","Firm 26","Employee 3",0,0,1,0,0,1,1,0,0,0,0,0,1,0,0,0,0,0,0,0,0,"80.55","$15.1-$99",1,0,0,0,1,0,0,0,0,0
"153","Firm 27","Employee 1",0,0,1,0,0,1,0,0,1,0,0,0,0,0,0,0,1,0,0,0,0,"80.55","$15.1-$99",1,0,0,0,1,0,0,0,0,0
"154","Firm 27","Employee 2",0,0,0,1,0,1,1,0,0,0,0,0,1,0,0,0,0,0,0,0,0,"80.55","$15.1-$99",1,0,0,0,1,0,0,0,0,0
"155","Firm 27","Employee 3",1,0,0,0,0,1,1,0,0,0,0,0,1,0,0,0,0,0,0,0,0,"N/A","N/A",0,0,1,0,0,0,1,0,0,0
"156","Firm 27","Employee 4",1,0,0,0,0,1,1,0,0,0,0,0,1,0,0,0,0,0,0,0,0,"N/A","N/A",0,0,1,0,0,0,1,0,0,0
"157","Firm 27","Employee 5",1,0,0,0,0,1,1,0,0,0,0,0,1,0,0,0,0,0,0,0,0,"N/A","N/A",0,0,1,0,0,0,1,0,0,0
"158","Firm 27","Employee 6",1,0,0,0,0,1,1,0,0,0,0,0,1,0,0,0,0,0,0,0,0,"N/A","N/A",0,0,1,0,0,0,1,0,0,0
"159","Firm 27","Employee 7",1,0,0,0,0,1,1,0,0,0,0,0,1,0,0,0,0,0,0,0,0,"N/A","N/A",0,0,1,0,0,0,1,0,0,0
"160","Firm 28","Employee 1",1,0,0,0,0,1,1,0,0,0,0,0,1,0,0,0,0,0,0,0,0,"N/A","N/A",0,0,1,0,0,0,1,0,0,0
"161","Firm 28","Employee 2",0,0,1,0,1,0,0,0,1,0,0,0,0,0,0,1,0,0,0,0,0,"N/A","N/A",0,0,1,0,0,0,1,0,0,0
"162","Firm 28","Employee 3",0,0,1,0,0,1,0,0,1,0,0,0,0,0,0,0,1,0,0,0,0,"N/A","N/A",0,0,1,0,0,0,1,0,0,0
"163","Firm 28","Employee 4",0,0,1,0,1,0,1,0,0,0,0,1,0,0,0,0,0,0,0,0,0,"N/A","N/A",0,0,1,0,0,0,1,0,0,0
"164","Firm 28","Employee 5",0,0,1,0,0,1,1,0,0,0,0,0,1,0,0,0,0,0,0,0,0,"N/A","N/A",0,0,1,0,0,0,1,0,0,0
"165","Firm 28","Employee 6",0,0,0,1,1,0,1,0,0,0,0,1,0,0,0,0,0,0,0,0,0,"N/A","N/A",0,0,1,0,0,0,1,0,0,0
"166","Firm 28","Employee 7",0,0,1,0,1,0,0,0,1,0,0,0,0,0,0,1,0,0,0,0,0,"N/A","N/A",0,0,1,0,0,0,1,0,0,0
"167","Firm 28","Employee 8",0,0,1,0,0,1,1,0,0,0,0,0,1,0,0,0,0,0,0,0,0,"N/A","N/A",0,0,1,0,0,0,1,0,0,0
"168","Firm 28","Employee 9",0,0,1,0,0,1,1,0,0,0,0,0,1,0,0,0,0,0,0,0,0,"N/A","N/A",0,0,1,0,0,0,1,0,0,0
"169","Firm 29","Employee 1",1,0,0,0,0,1,1,0,0,0,0,0,1,0,0,0,0,0,0,0,0,"5","$5-$15",1,0,0,0,0,0,1,0,0,0
"170","Firm 29","Employee 2",0,0,1,0,0,1,0,1,0,0,0,0,0,0,1,0,0,0,0,0,0,"5","$5-$15",1,0,0,0,0,0,1,0,0,0
"171","Firm 30","Employee 1",1,0,0,0,0,1,1,0,0,0,0,0,1,0,0,0,0,0,0,0,0,"9.82","$5-$15",1,0,0,0,1,0,0,0,0,1
"172","Firm 30","Employee 2",1,0,0,0,0,1,1,0,0,0,0,0,1,0,0,0,0,0,0,0,0,"9.82","$5-$15",1,0,0,0,1,0,0,0,0,1
"173","Firm 30","Employee 3",1,0,0,0,0,1,1,0,0,0,0,0,1,0,0,0,0,0,0,0,0,"9.82","$5-$15",1,0,0,0,1,0,0,0,0,1
"174","Firm 30","Employee 4",0,0,1,0,0,1,1,0,0,0,0,0,1,0,0,0,0,0,0,0,0,"9.82","$5-$15",1,0,0,0,1,0,0,0,0,1
"175","Firm 30","Employee 5",1,0,0,0,0,1,0,0,1,0,0,0,0,0,0,0,1,0,0,0,0,"180","$100+",1,0,0,0,0,1,0,0,0,0
"176","Firm 30","Employee 6",1,0,0,0,0,1,1,0,0,0,0,0,1,0,0,0,0,0,0,0,0,"180","$100+",1,0,0,0,0,1,0,0,0,0
"177","Firm 30","Employee 7",1,0,0,0,0,1,1,0,0,0,0,0,1,0,0,0,0,0,0,0,0,"180","$100+",1,0,0,0,0,1,0,0,0,0
"178","Firm 30","Employee 8",1,0,0,0,0,1,0,1,0,0,0,0,0,0,1,0,0,0,0,0,0,"180","$100+",1,0,0,0,0,1,0,0,0,0
"179","Firm 30","Employee 9",0,0,1,0,1,0,1,0,0,0,0,1,0,0,0,0,0,0,0,0,0,"180","$100+",1,0,0,0,0,1,0,0,0,0
"180","Firm 30","Employee 10",0,0,0,1,1,0,1,0,0,0,0,1,0,0,0,0,0,0,0,0,0,"180","$100+",1,0,0,0,0,1,0,0,0,0
"181","Firm 31","Employee 1",0,0,1,0,0,1,0,0,1,0,0,0,0,0,0,0,1,0,0,0,0,"180","$100+",1,0,0,0,0,1,0,0,0,0
"182","Firm 31","Employee 2",0,0,1,0,0,1,1,0,0,0,0,0,1,0,0,0,0,0,0,0,0,"180","$100+",1,0,0,0,0,1,0,0,0,0
"183","Firm 31","Employee 3",0,0,0,1,1,0,1,0,0,0,0,1,0,0,0,0,0,0,0,0,0,"180","$100+",1,0,0,0,0,1,0,0,0,0
"184","Firm 31","Employee 4",0,0,0,1,1,0,1,0,0,0,0,1,0,0,0,0,0,0,0,0,0,"180","$100+",1,0,0,0,0,1,0,0,0,0
"185","Firm 31","Employee 5",1,0,0,0,0,1,1,0,0,0,0,0,1,0,0,0,0,0,0,0,0,"5","$5-$15",1,0,0,0,1,0,0,0,1,1
"186","Firm 31","Employee 6",1,0,0,0,0,1,1,0,0,0,0,0,1,0,0,0,0,0,0,0,0,"115","$100+",1,0,0,0,1,0,0,1,0,0
"187","Firm 31","Employee 7",0,0,1,0,0,1,0,0,1,0,0,0,0,0,0,0,1,0,0,0,0,"115","$100+",1,0,0,0,1,0,0,1,0,0
"188","Firm 31","Employee 8",0,0,0,1,1,0,0,0,1,0,0,0,0,0,0,1,0,0,0,0,0,"115","$100+",1,0,0,0,1,0,0,1,0,0
"189","Firm 31","Employee 9",1,0,0,0,0,1,1,0,0,0,0,0,1,0,0,0,0,0,0,0,0,"115","$100+",1,0,0,0,1,0,0,1,0,0
"190","Firm 31","Employee 10",1,0,0,0,0,1,1,0,0,0,0,0,1,0,0,0,0,0,0,0,0,"115","$100+",1,0,0,0,1,0,0,1,0,0
"191","Firm 31","Employee 11",0,0,0,1,1,0,1,0,0,0,0,1,0,0,0,0,0,0,0,0,0,"115","$100+",1,0,0,0,1,0,0,1,0,0
"192","Firm 31","Employee 12",1,0,0,0,1,0,0,0,0,0,1,0,0,0,0,0,0,0,0,1,0,"115","$100+",1,0,0,0,1,0,0,1,0,0
"193","Firm 31","Employee 13",0,0,1,0,0,1,1,0,0,0,0,0,1,0,0,0,0,0,0,0,0,"115","$100+",1,0,0,0,1,0,0,1,0,0
"194","Firm 31","Employee 14",1,0,0,0,0,1,1,0,0,0,0,0,1,0,0,0,0,0,0,0,0,"115","$100+",1,0,0,0,1,0,0,1,0,0
"195","Firm 32","Employee 1",0,0,0,1,1,0,1,0,0,0,0,1,0,0,0,0,0,0,0,0,0,"115","$100+",1,0,0,0,1,0,0,1,0,0
"196","Firm 32","Employee 2",0,0,1,0,0,1,1,0,0,0,0,0,1,0,0,0,0,0,0,0,0,"115","$100+",1,0,0,0,1,0,0,1,0,0
"197","Firm 32","Employee 3",0,0,1,0,0,1,0,1,0,0,0,0,0,0,1,0,0,0,0,0,0,"115","$100+",1,0,0,0,1,0,0,1,0,0
"198","Firm 32","Employee 4",1,0,0,0,0,1,1,0,0,0,0,0,1,0,0,0,0,0,0,0,0,"115","$100+",1,0,0,0,1,0,0,1,0,0
"199","Firm 33","Employee 1",1,0,0,0,1,0,0,0,1,0,0,0,0,0,0,1,0,0,0,0,0,"115","$100+",1,0,0,0,1,0,0,1,0,0
"200","Firm 33","Employee 2",0,1,0,0,1,0,1,0,0,0,0,1,0,0,0,0,0,0,0,0,0,"115","$100+",1,0,0,0,1,0,0,1,0,0
"201","Firm 33","Employee 3",1,0,0,0,0,1,1,0,0,0,0,0,1,0,0,0,0,0,0,0,0,"115","$100+",1,0,0,0,1,0,0,1,0,0
"202","Firm 34","Employee 1",1,0,0,0,0,1,1,0,0,0,0,0,1,0,0,0,0,0,0,0,0,"115","$100+",1,0,0,0,1,0,0,1,0,0
"203","Firm 35","Employee 1",0,0,1,0,0,1,1,0,0,0,0,0,1,0,0,0,0,0,0,0,0,"115","$100+",1,0,0,0,1,0,0,1,0,0
"204","Firm 35","Employee 2",0,0,0,1,1,0,1,0,0,0,0,1,0,0,0,0,0,0,0,0,0,"115","$100+",1,0,0,0,1,0,0,1,0,0
"205","Firm 35","Employee 3",1,0,0,0,0,1,1,0,0,0,0,0,1,0,0,0,0,0,0,0,0,"115","$100+",1,0,0,0,1,0,0,1,0,0
"206","Firm 36","Employee 1",1,0,0,0,0,1,1,0,0,0,0,0,1,0,0,0,0,0,0,0,0,"115","$100+",1,0,0,0,1,0,0,1,0,0
"207","Firm 36","Employee 2",0,0,1,0,0,1,1,0,0,0,0,0,1,0,0,0,0,0,0,0,0,"115","$100+",1,0,0,0,1,0,0,1,0,0
"208","Firm 37","Employee 1",0,0,1,0,1,0,1,0,0,0,0,1,0,0,0,0,0,0,0,0,0,"115","$100+",1,0,0,0,1,0,0,1,0,0
"209","Firm 37","Employee 2",0,0,0,1,1,0,1,0,0,0,0,1,0,0,0,0,0,0,0,0,0,"115","$100+",1,0,0,0,1,0,0,1,0,0
"210","Firm 38","Employee 1",0,0,0,1,1,0,1,0,0,0,0,1,0,0,0,0,0,0,0,0,0,"115","$100+",1,0,0,0,1,0,0,1,0,0
"211","Firm 39","Employee 1",1,0,0,0,0,1,1,0,0,0,0,0,1,0,0,0,0,0,0,0,0,"115","$100+",1,0,0,0,1,0,0,1,0,0
"212","Firm 39","Employee 2",1,0,0,0,0,1,1,0,0,0,0,0,1,0,0,0,0,0,0,0,0,"115","$100+",1,0,0,0,1,0,0,1,0,0
"213","Firm 39","Employee 3",0,0,1,0,0,1,1,0,0,0,0,0,1,0,0,0,0,0,0,0,0,"115","$100+",1,0,0,0,1,0,0,1,0,0
"214","Firm 40","Employee 1",1,0,0,0,0,1,0,1,0,0,0,0,0,0,1,0,0,0,0,0,0,"7.7","$5-$15",1,0,0,0,0,0,1,0,0,0
"215","Firm 40","Employee 2",1,0,0,0,0,1,1,0,0,0,0,0,1,0,0,0,0,0,0,0,0,"7.7","$5-$15",1,0,0,0,0,0,1,0,0,0
"216","Firm 40","Employee 3",1,0,0,0,0,1,1,0,0,0,0,0,1,0,0,0,0,0,0,0,0,"N/A","N/A",0,0,0,1,0,1,0,0,1,1
"217","Firm 40","Employee 4",1,0,0,0,0,1,1,0,0,0,0,0,1,0,0,0,0,0,0,0,0,"N/A","N/A",0,0,0,1,0,1,0,0,1,1
"218","Firm 41","Employee 1",0,0,0,1,1,0,1,0,0,0,0,1,0,0,0,0,0,0,0,0,0,"N/A","N/A",0,0,0,1,0,1,0,0,1,1
"219","Firm 41","Employee 2",1,0,0,0,0,1,1,0,0,0,0,0,1,0,0,0,0,0,0,0,0,"N/A","N/A",0,0,1,0,1,0,0,0,1,0
"220","Firm 41","Employee 3",0,0,1,0,0,1,1,0,0,0,0,0,1,0,0,0,0,0,0,0,0,"N/A","N/A",0,0,1,0,1,0,0,0,1,0
"221","Firm 41","Employee 4",0,0,1,0,0,1,1,0,0,0,0,0,1,0,0,0,0,0,0,0,0,"N/A","N/A",0,0,1,0,1,0,0,0,1,0
"222","Firm 41","Employee 5",1,0,0,0,1,0,1,0,0,0,0,1,0,0,0,0,0,0,0,0,0,"N/A","N/A",0,1,0,0,0,0,1,0,0,0
"223","Firm 42","Employee 1",0,0,0,1,1,0,1,0,0,0,0,1,0,0,0,0,0,0,0,0,0,"N/A","N/A",0,1,0,0,0,0,1,0,0,0
"224","Firm 42","Employee 2",1,0,0,0,0,1,1,0,0,0,0,0,1,0,0,0,0,0,0,0,0,"N/A","N/A",0,1,0,0,0,0,1,0,1,0
"225","Firm 42","Employee 3",0,0,1,0,0,1,1,0,0,0,0,0,1,0,0,0,0,0,0,0,0,"N/A","N/A",0,0,0,1,1,0,0,0,0,0
"226","Firm 42","Employee 4",1,0,0,0,1,0,1,0,0,0,0,1,0,0,0,0,0,0,0,0,0,"N/A","N/A",0,0,0,1,1,0,0,0,0,0
"227","Firm 42","Employee 5",1,0,0,0,1,0,1,0,0,0,0,1,0,0,0,0,0,0,0,0,0,"22.5","$15.1-$99",1,0,0,0,0,0,0,1,0,1
"228","Firm 42","Employee 6",0,0,1,0,0,1,0,0,1,0,0,0,0,0,0,0,1,0,0,0,0,"22.5","$15.1-$99",1,0,0,0,0,0,0,1,0,1
"229","Firm 42","Employee 7",0,0,1,0,0,1,1,0,0,0,0,0,1,0,0,0,0,0,0,0,0,"22.5","$15.1-$99",1,0,0,0,0,0,0,1,0,1
"230","Firm 42","Employee 8",0,0,1,0,1,0,0,0,1,0,0,0,0,0,0,1,0,0,0,0,0,"22.5","$15.1-$99",1,0,0,0,0,0,0,1,0,1
"231","Firm 43","Employee 1",1,0,0,0,0,1,1,0,0,0,0,0,1,0,0,0,0,0,0,0,0,"22.5","$15.1-$99",1,0,0,0,0,0,0,1,0,1
"232","Firm 43","Employee 2",1,0,0,0,0,1,1,0,0,0,0,0,1,0,0,0,0,0,0,0,0,"N/A","N/A",1,0,0,0,0,0,0,1,0,0
"233","Firm 44","Employee 1",1,0,0,0,0,1,1,0,0,0,0,0,1,0,0,0,0,0,0,0,0,"N/A","N/A",1,0,0,0,0,0,0,1,0,0
"234","Firm 44","Employee 2",1,0,0,0,0,1,1,0,0,0,0,0,1,0,0,0,0,0,0,0,0,"N/A","N/A",1,0,0,0,1,0,0,0,0,0
"235","Firm 45","Employee 1",0,0,1,0,1,0,0,0,1,0,0,0,0,0,0,1,0,0,0,0,0,"N/A","N/A",1,0,0,0,1,0,0,0,0,0
"236","Firm 45","Employee 2",1,0,0,0,0,1,1,0,0,0,0,0,1,0,0,0,0,0,0,0,0,"N/A","N/A",0,1,0,0,1,0,0,0,0,0
"237","Firm 45","Employee 3",0,0,1,0,0,1,1,0,0,0,0,0,1,0,0,0,0,0,0,0,0,"N/A","N/A",0,1,0,0,1,0,0,0,0,0
"238","Firm 46","Employee 1",1,0,0,0,0,1,1,0,0,0,0,0,1,0,0,0,0,0,0,0,0,"N/A","N/A",0,1,0,0,0,0,1,0,1,0
"239","Firm 46","Employee 2",0,0,1,0,0,1,1,0,0,0,0,0,1,0,0,0,0,0,0,0,0,"N/A","N/A",0,1,0,0,0,0,1,0,1,0
"240","Firm 47","Employee 1",0,0,1,0,1,0,1,0,0,0,0,1,0,0,0,0,0,0,0,0,0,"N/A","N/A",0,1,0,0,0,0,1,0,1,0
"241","Firm 47","Employee 2",1,0,0,0,1,0,1,0,0,0,0,1,0,0,0,0,0,0,0,0,0,"15.2","$15.1-$99",1,0,0,0,1,0,0,1,1,0
"242","Firm 48","Employee 1",0,0,1,0,0,1,1,0,0,0,0,0,1,0,0,0,0,0,0,0,0,"15.2","$15.1-$99",1,0,0,0,1,0,0,1,1,0
"243","Firm 48","Employee 2",0,0,1,0,0,1,1,0,0,0,0,0,1,0,0,0,0,0,0,0,0,"15.2","$15.1-$99",1,0,0,0,1,0,0,1,1,0
"244","Firm 49","Employee 1",0,0,1,0,0,1,1,0,0,0,0,0,1,0,0,0,0,0,0,0,0,"15.2","$15.1-$99",1,0,0,0,1,0,0,1,1,0
"245","Firm 49","Employee 2",0,0,0,1,0,1,1,0,0,0,0,0,1,0,0,0,0,0,0,0,0,"15.2","$15.1-$99",1,0,0,0,1,0,0,1,1,0
"246","Firm 49","Employee 3",1,0,0,0,0,1,1,0,0,0,0,0,1,0,0,0,0,0,0,0,0,"11","$5-$15",1,0,0,0,0,0,0,1,0,1
"247","Firm 49","Employee 4",1,0,0,0,0,1,1,0,0,0,0,0,1,0,0,0,0,0,0,0,0,"11","$5-$15",1,0,0,0,0,0,0,1,0,1
"248","Firm 50","Employee 1",1,0,0,0,0,1,1,0,0,0,0,0,1,0,0,0,0,0,0,0,0,"11","$5-$15",1,0,0,0,0,0,0,1,0,1
"249","Firm 51","Employee 1",1,0,0,0,0,1,1,0,0,0,0,0,1,0,0,0,0,0,0,0,0,"11","$5-$15",1,0,0,0,0,0,0,1,0,1
"250","Firm 51","Employee 2",1,0,0,0,0,1,1,0,0,0,0,0,1,0,0,0,0,0,0,0,0,"150","$100+",1,0,0,0,1,0,0,0,0,0
"251","Firm 51","Employee 3",1,0,0,0,1,0,1,0,0,0,0,1,0,0,0,0,0,0,0,0,0,"150","$100+",1,0,0,0,1,0,0,0,0,0
"252","Firm 52","Employee 1",1,0,0,0,0,1,1,0,0,0,0,0,1,0,0,0,0,0,0,0,0,"150","$100+",1,0,0,0,1,0,0,0,0,0
"253","Firm 52","Employee 2",1,0,0,0,0,1,1,0,0,0,0,0,1,0,0,0,0,0,0,0,0,"150","$100+",1,0,0,0,1,0,0,0,0,0
"254","Firm 52","Employee 3",0,0,1,0,0,1,0,0,0,1,0,0,0,0,0,0,0,0,1,0,0,"150","$100+",1,0,0,0,1,0,0,0,0,0
"255","Firm 52","Employee 4",0,0,0,1,1,0,1,0,0,0,0,1,0,0,0,0,0,0,0,0,0,"150","$100+",1,0,0,0,1,0,0,0,0,0
"256","Firm 52","Employee 5",0,0,1,0,0,1,1,0,0,0,0,0,1,0,0,0,0,0,0,0,0,"150","$100+",1,0,0,0,1,0,0,0,0,0
"257","Firm 52","Employee 6",0,0,0,1,1,0,0,1,0,0,0,0,0,1,0,0,0,0,0,0,0,"150","$100+",1,0,0,0,1,0,0,0,0,0
"258","Firm 52","Employee 7",0,1,0,0,1,0,1,0,0,0,0,1,0,0,0,0,0,0,0,0,0,"150","$100+",1,0,0,0,1,0,0,0,0,0
"259","Firm 53","Employee 1",1,0,0,0,1,0,1,0,0,0,0,1,0,0,0,0,0,0,0,0,0,"N/A","N/A",1,0,0,0,1,0,0,0,0,1
"260","Firm 53","Employee 2",1,0,0,0,1,0,1,0,0,0,0,1,0,0,0,0,0,0,0,0,0,"N/A","N/A",1,0,0,0,1,0,0,0,0,1
"261","Firm 53","Employee 3",1,0,0,0,0,1,1,0,0,0,0,0,1,0,0,0,0,0,0,0,0,"N/A","N/A",1,0,0,0,1,0,0,0,0,0
"262","Firm 53","Employee 4",0,0,1,0,0,1,1,0,0,0,0,0,1,0,0,0,0,0,0,0,0,"N/A","N/A",1,0,0,0,1,0,0,0,0,0
"263","Firm 53","Employee 5",0,0,1,0,0,1,1,0,0,0,0,0,1,0,0,0,0,0,0,0,0,"N/A","N/A",1,0,0,0,1,0,0,0,0,0
"264","Firm 53","Employee 6",1,0,0,0,0,1,1,0,0,0,0,0,1,0,0,0,0,0,0,0,0,"N/A","N/A",1,0,0,0,1,0,0,0,0,0
"265","Firm 53","Employee 7",1,0,0,0,0,1,1,0,0,0,0,0,1,0,0,0,0,0,0,0,0,"N/A","N/A",1,0,0,0,1,0,0,0,0,0
"266","Firm 53","Employee 8",1,0,0,0,0,1,1,0,0,0,0,0,1,0,0,0,0,0,0,0,0,"N/A","N/A",1,0,0,0,1,0,0,0,0,0
"267","Firm 54","Employee 1",0,0,1,0,0,1,0,0,1,0,0,0,0,0,0,0,1,0,0,0,0,"N/A","N/A",1,0,0,0,1,0,0,0,0,0
"268","Firm 55","Employee 1",0,1,0,0,0,1,1,0,0,0,0,0,1,0,0,0,0,0,0,0,0,"N/A","N/A",1,0,0,0,1,0,0,0,0,0
"269","Firm 55","Employee 2",1,0,0,0,0,1,1,0,0,0,0,0,1,0,0,0,0,0,0,0,0,"15.9","$15.1-$99",1,0,0,0,0,1,0,0,0,0
"270","Firm 55","Employee 3",1,0,0,0,0,1,1,0,0,0,0,0,1,0,0,0,0,0,0,0,0,"15.9","$15.1-$99",1,0,0,0,0,1,0,0,0,0
"271","Firm 56","Employee 1",1,0,0,0,0,1,0,0,1,0,0,0,0,0,0,0,1,0,0,0,0,"15.9","$15.1-$99",1,0,0,0,0,1,0,0,0,0
"272","Firm 56","Employee 2",0,0,0,1,1,0,1,0,0,0,0,1,0,0,0,0,0,0,0,0,0,"15.9","$15.1-$99",1,0,0,0,0,1,0,0,0,0
"273","Firm 56","Employee 3",1,0,0,0,0,1,1,0,0,0,0,0,1,0,0,0,0,0,0,0,0,"N/A","N/A",1,0,0,0,1,0,0,0,1,1
"274","Firm 57","Employee 1",1,0,0,0,0,1,1,0,0,0,0,0,1,0,0,0,0,0,0,0,0,"N/A","N/A",1,0,0,0,1,0,0,0,1,1
"275","Firm 57","Employee 2",1,0,0,0,0,1,0,0,1,0,0,0,0,0,0,0,1,0,0,0,0,"N/A","N/A",1,0,0,0,1,0,0,0,1,1
"276","Firm 57","Employee 3",1,0,0,0,0,1,1,0,0,0,0,0,1,0,0,0,0,0,0,0,0,"N/A","N/A",1,0,0,0,1,0,0,0,1,1
"277","Firm 57","Employee 4",0,1,0,0,0,1,1,0,0,0,0,0,1,0,0,0,0,0,0,0,0,"N/A","N/A",1,0,0,0,1,0,0,0,1,1
"278","Firm 57","Employee 5",0,0,1,0,0,1,1,0,0,0,0,0,1,0,0,0,0,0,0,0,0,"N/A","N/A",1,0,0,0,1,0,0,0,1,1
"279","Firm 57","Employee 6",0,0,1,0,0,1,1,0,0,0,0,0,1,0,0,0,0,0,0,0,0,"N/A","N/A",1,0,0,0,1,0,0,0,1,1
"280","Firm 57","Employee 7",0,0,0,1,1,0,1,0,0,0,0,1,0,0,0,0,0,0,0,0,0,"N/A","N/A",1,0,0,0,1,0,0,0,1,1
"281","Firm 57","Employee 8",1,0,0,0,0,1,1,0,0,0,0,0,1,0,0,0,0,0,0,0,0,"N/A","N/A",1,0,0,0,1,0,0,0,0,0
"282","Firm 57","Employee 9",1,0,0,0,0,1,1,0,0,0,0,0,1,0,0,0,0,0,0,0,0,"N/A","N/A",1,0,0,0,1,0,0,0,0,0
"283","Firm 57","Employee 10",1,0,0,0,1,0,1,0,0,0,0,1,0,0,0,0,0,0,0,0,0,"N/A","N/A",1,0,0,0,1,0,0,0,0,0
"284","Firm 57","Employee 11",1,0,0,0,0,1,1,0,0,0,0,0,1,0,0,0,0,0,0,0,0,"N/A","N/A",1,0,0,0,1,0,0,0,0,0
"285","Firm 57","Employee 12",1,0,0,0,1,0,1,0,0,0,0,1,0,0,0,0,0,0,0,0,0,"42.7","$15.1-$99",1,0,0,0,1,0,0,0,0,1
"286","Firm 57","Employee 13",1,0,0,0,1,0,1,0,0,0,0,1,0,0,0,0,0,0,0,0,0,"42.7","$15.1-$99",1,0,0,0,1,0,0,0,0,1
"287","Firm 57","Employee 14",0,0,0,1,1,0,1,0,0,0,0,1,0,0,0,0,0,0,0,0,0,"42.7","$15.1-$99",1,0,0,0,1,0,0,0,0,1
"288","Firm 58","Employee 1",1,0,0,0,0,1,1,0,0,0,0,0,1,0,0,0,0,0,0,0,0,"N/A","N/A",1,0,0,0,1,0,0,0,1,1
"289","Firm 58","Employee 2",1,0,0,0,0,1,1,0,0,0,0,0,1,0,0,0,0,0,0,0,0,"N/A","N/A",1,0,0,0,1,0,0,0,1,0
"290","Firm 59","Employee 1",0,0,1,0,0,1,1,0,0,0,0,0,1,0,0,0,0,0,0,0,0,"N/A","N/A",1,0,0,0,1,0,0,0,1,0
"291","Firm 59","Employee 2",0,0,1,0,0,1,1,0,0,0,0,0,1,0,0,0,0,0,0,0,0,"N/A","N/A",1,0,0,0,1,0,0,0,1,0
"292","Firm 60","Employee 1",1,0,0,0,0,1,1,0,0,0,0,0,1,0,0,0,0,0,0,0,0,"N/A","N/A",1,0,0,0,1,0,0,0,0,0
"293","Firm 61","Employee 1",1,0,0,0,0,1,1,0,0,0,0,0,1,0,0,0,0,0,0,0,0,"N/A","N/A",1,0,0,0,1,0,0,0,0,0
"294","Firm 61","Employee 2",0,0,1,0,0,1,1,0,0,0,0,0,1,0,0,0,0,0,0,0,0,"N/A","N/A",1,0,0,0,1,0,0,0,0,0
"295","Firm 62","Employee 1",0,0,1,0,0,1,1,0,0,0,0,0,1,0,0,0,0,0,0,0,0,"N/A","N/A",1,0,0,0,1,0,0,0,0,0
"296","Firm 62","Employee 2",0,0,0,1,1,0,1,0,0,0,0,1,0,0,0,0,0,0,0,0,0,"N/A","N/A",1,0,0,0,1,0,0,0,0,0
"297","Firm 62","Employee 3",1,0,0,0,0,1,1,0,0,0,0,0,1,0,0,0,0,0,0,0,0,"100","$100+",1,0,0,0,0,0,0,1,0,1
"298","Firm 62","Employee 4",1,0,0,0,0,1,1,0,0,0,0,0,1,0,0,0,0,0,0,0,0,"100","$100+",1,0,0,0,0,0,0,1,0,1
"299","Firm 62","Employee 5",1,0,0,0,0,1,1,0,0,0,0,0,1,0,0,0,0,0,0,0,0,"N/A","N/A",1,0,0,0,1,1,0,1,0,0
"300","Firm 63","Employee 1",0,0,0,1,1,0,1,0,0,0,0,1,0,0,0,0,0,0,0,0,0,"N/A","N/A",1,0,0,0,1,1,0,1,0,0
"301","Firm 63","Employee 2",1,0,0,0,0,1,1,0,0,0,0,0,1,0,0,0,0,0,0,0,0,"N/A","N/A",0,0,1,0,1,0,0,0,0,0
"302","Firm 63","Employee 3",0,0,1,0,0,1,0,0,1,0,0,0,0,0,0,0,1,0,0,0,0,"N/A","N/A",0,0,1,0,1,0,0,0,0,0
"303","Firm 63","Employee 4",1,0,0,0,0,1,1,0,0,0,0,0,1,0,0,0,0,0,0,0,0,"N/A","N/A",1,0,0,0,1,0,0,0,0,0
"304","Firm 63","Employee 5",1,0,0,0,0,1,1,0,0,0,0,0,1,0,0,0,0,0,0,0,0,"N/A","N/A",1,0,0,0,1,0,0,0,0,0
"305","Firm 63","Employee 6",1,0,0,0,0,1,1,0,0,0,0,0,1,0,0,0,0,0,0,0,0,"N/A","N/A",1,0,0,0,1,0,0,0,0,0
"306","Firm 63","Employee 7",1,0,0,0,0,1,1,0,0,0,0,0,1,0,0,0,0,0,0,0,0,"N/A","N/A",1,0,0,0,0,1,0,0,0,1
"307","Firm 63","Employee 8",1,0,0,0,0,1,1,0,0,0,0,0,1,0,0,0,0,0,0,0,0,"N/A","N/A",1,0,0,0,0,1,0,0,0,1
"308","Firm 63","Employee 9",1,0,0,0,1,0,1,0,0,0,0,1,0,0,0,0,0,0,0,0,0,"N/A","N/A",1,0,0,0,0,1,0,0,0,1
"309","Firm 63","Employee 10",1,0,0,0,0,1,1,0,0,0,0,0,1,0,0,0,0,0,0,0,0,"N/A","N/A",1,0,0,0,1,0,0,0,0,1
"310","Firm 63","Employee 11",0,0,1,0,1,0,1,0,0,0,0,1,0,0,0,0,0,0,0,0,0,"N/A","N/A",0,1,0,0,0,0,1,0,1,0
"311","Firm 64","Employee 1",1,0,0,0,0,1,1,0,0,0,0,0,1,0,0,0,0,0,0,0,0,"N/A","N/A",1,0,0,0,1,0,0,0,0,0
"312","Firm 64","Employee 2",1,0,0,0,0,1,1,0,0,0,0,0,1,0,0,0,0,0,0,0,0,"N/A","N/A",1,0,0,0,1,0,0,0,0,0
"313","Firm 64","Employee 3",0,0,1,0,0,1,1,0,0,0,0,0,1,0,0,0,0,0,0,0,0,"N/A","N/A",0,0,0,1,0,0,1,0,1,0
"314","Firm 64","Employee 4",0,0,1,0,0,1,1,0,0,0,0,0,1,0,0,0,0,0,0,0,0,"N/A","N/A",0,0,0,1,0,0,1,0,1,0
"315","Firm 64","Employee 5",1,0,0,0,0,1,1,0,0,0,0,0,1,0,0,0,0,0,0,0,0,"N/A","N/A",0,1,0,0,1,0,0,1,0,0
"316","Firm 65","Employee 1",1,0,0,0,0,1,1,0,0,0,0,0,1,0,0,0,0,0,0,0,0,"N/A","N/A",0,1,0,0,1,0,0,1,0,0
"317","Firm 65","Employee 2",0,0,0,1,0,1,1,0,0,0,0,0,1,0,0,0,0,0,0,0,0,"N/A","N/A",0,1,0,0,1,0,0,1,0,0
"318","Firm 65","Employee 3",0,0,1,0,0,1,1,0,0,0,0,0,1,0,0,0,0,0,0,0,0,"N/A","N/A",0,1,0,0,1,0,0,1,0,0
"319","Firm 65","Employee 4",0,0,1,0,1,0,1,0,0,0,0,1,0,0,0,0,0,0,0,0,0,"N/A","N/A",0,1,0,0,1,0,0,1,0,0
"320","Firm 65","Employee 5",0,1,0,0,0,1,1,0,0,0,0,0,1,0,0,0,0,0,0,0,0,"N/A","N/A",0,1,0,0,1,0,0,1,0,0
"321","Firm 66","Employee 1",1,0,0,0,0,1,1,0,0,0,0,0,1,0,0,0,0,0,0,0,0,"N/A","N/A",0,0,1,0,0,0,1,0,0,0
"322","Firm 66","Employee 2",0,1,0,0,1,0,1,0,0,0,0,1,0,0,0,0,0,0,0,0,0,"N/A","N/A",0,0,1,0,0,0,1,0,0,0
"323","Firm 67","Employee 1",0,0,0,1,1,0,1,0,0,0,0,1,0,0,0,0,0,0,0,0,0,"N/A","N/A",0,0,1,0,0,0,1,0,0,0
"324","Firm 67","Employee 2",0,0,0,1,0,1,1,0,0,0,0,0,1,0,0,0,0,0,0,0,0,"N/A","N/A",0,0,1,0,0,0,1,0,0,0
"325","Firm 67","Employee 3",0,0,0,1,0,1,1,0,0,0,0,0,1,0,0,0,0,0,0,0,0,"N/A","N/A",0,0,1,0,0,0,1,0,0,0
"326","Firm 67","Employee 4",0,0,0,1,0,1,1,0,0,0,0,0,1,0,0,0,0,0,0,0,0,"N/A","N/A",0,0,1,0,0,0,1,0,0,0
"327","Firm 67","Employee 5",0,0,0,1,1,0,1,0,0,0,0,1,0,0,0,0,0,0,0,0,0,"N/A","N/A",0,0,1,0,0,0,1,0,0,0
"328","Firm 68","Employee 1",0,0,0,1,1,0,1,0,0,0,0,1,0,0,0,0,0,0,0,0,0,"N/A","N/A",0,0,1,0,0,0,1,0,0,0
"329","Firm 68","Employee 2",0,0,1,0,0,1,0,0,1,0,0,0,0,0,0,0,1,0,0,0,0,"N/A","N/A",0,0,1,0,0,0,1,0,0,0
"330","Firm 68","Employee 3",0,0,0,1,1,0,0,1,0,0,0,0,0,1,0,0,0,0,0,0,0,"N/A","N/A",0,0,1,0,0,0,1,0,0,0
"331","Firm 68","Employee 4",0,0,0,1,0,1,1,0,0,0,0,0,1,0,0,0,0,0,0,0,0,"N/A","N/A",0,0,1,0,0,0,1,0,0,0
"332","Firm 68","Employee 5",0,0,0,1,1,0,1,0,0,0,0,1,0,0,0,0,0,0,0,0,0,"N/A","N/A",0,0,1,0,0,0,1,0,0,0
"333","Firm 68","Employee 6",1,0,0,0,0,1,1,0,0,0,0,0,1,0,0,0,0,0,0,0,0,"7","$5-$15",1,0,0,0,1,0,0,0,0,1
"334","Firm 69","Employee 1",1,0,0,0,0,1,1,0,0,0,0,0,1,0,0,0,0,0,0,0,0,"7","$5-$15",1,0,0,0,1,0,0,0,0,1
"335","Firm 69","Employee 2",1,0,0,0,0,1,0,0,1,0,0,0,0,0,0,0,1,0,0,0,0,"N/A","N/A",0,1,0,0,1,1,0,1,1,0
"336","Firm 69","Employee 3",1,0,0,0,0,1,1,0,0,0,0,0,1,0,0,0,0,0,0,0,0,"N/A","N/A",0,1,0,0,1,1,0,1,1,0
"337","Firm 69","Employee 4",1,0,0,0,0,1,1,0,0,0,0,0,1,0,0,0,0,0,0,0,0,"N/A","N/A",0,1,0,0,1,1,0,1,1,0
"338","Firm 69","Employee 5",0,0,1,0,1,0,1,0,0,0,0,1,0,0,0,0,0,0,0,0,0,"N/A","N/A",1,0,0,0,0,0,1,0,1,0
"339","Firm 69","Employee 6",0,0,1,0,0,1,1,0,0,0,0,0,1,0,0,0,0,0,0,0,0,"N/A","N/A",1,0,0,0,0,0,1,0,1,0
"340","Firm 69","Employee 7",0,0,1,0,0,1,1,0,0,0,0,0,1,0,0,0,0,0,0,0,0,"N/A","N/A",1,0,0,0,0,0,1,0,1,0
"341","Firm 69","Employee 8",1,0,0,0,0,1,1,0,0,0,0,0,1,0,0,0,0,0,0,0,0,"N/A","N/A",0,1,0,0,0,0,0,1,0,0
"342","Firm 69","Employee 9",0,0,1,0,0,1,0,0,1,0,0,0,0,0,0,0,1,0,0,0,0,"N/A","N/A",0,1,0,0,0,0,0,1,0,0
"343","Firm 70","Employee 1",1,0,0,0,0,1,1,0,0,0,0,0,1,0,0,0,0,0,0,0,0,"N/A","N/A",0,0,1,0,1,1,0,1,0,0
"344","Firm 70","Employee 2",1,0,0,0,0,1,1,0,0,0,0,0,1,0,0,0,0,0,0,0,0,"N/A","N/A",0,0,1,0,1,1,0,1,0,0
"345","Firm 70","Employee 3",0,0,1,0,0,1,1,0,0,0,0,0,1,0,0,0,0,0,0,0,0,"N/A","N/A",0,0,1,0,1,1,0,1,0,0
"346","Firm 70","Employee 4",1,0,0,0,0,1,1,0,0,0,0,0,1,0,0,0,0,0,0,0,0,"N/A","N/A",0,0,1,0,1,1,0,1,0,0
"347","Firm 70","Employee 5",0,0,0,1,0,1,1,0,0,0,0,0,1,0,0,0,0,0,0,0,0,"N/A","N/A",0,0,1,0,1,1,0,1,0,0
"348","Firm 70","Employee 6",0,0,1,0,1,0,1,0,0,0,0,1,0,0,0,0,0,0,0,0,0,"N/A","N/A",0,0,1,0,1,1,0,1,0,0
"349","Firm 70","Employee 7",0,0,1,0,1,0,1,0,0,0,0,1,0,0,0,0,0,0,0,0,0,"N/A","N/A",0,0,1,0,1,1,0,1,0,0
"350","Firm 70","Employee 8",0,0,1,0,1,0,0,0,1,0,0,0,0,0,0,1,0,0,0,0,0,"N/A","N/A",0,0,1,0,1,1,0,1,0,0
"351","Firm 70","Employee 9",0,0,0,1,0,1,1,0,0,0,0,0,1,0,0,0,0,0,0,0,0,"N/A","N/A",0,0,1,0,1,1,0,1,0,0
"352","Firm 71","Employee 1",1,0,0,0,0,1,0,0,1,0,0,0,0,0,0,0,1,0,0,0,0,"175","$100+",1,0,0,0,1,0,0,0,0,1
"353","Firm 71","Employee 2",0,1,0,0,1,0,1,0,0,0,0,1,0,0,0,0,0,0,0,0,0,"175","$100+",1,0,0,0,1,0,0,0,0,1
"354","Firm 71","Employee 3",0,1,0,0,0,1,1,0,0,0,0,0,1,0,0,0,0,0,0,0,0,"175","$100+",1,0,0,0,1,0,0,0,0,1
