"","firm","employee","Executive Investor","Executive Non-Investor","Non-Executive Investor","Non-Executive Non-Investor","Female","Male","White","Black","Asian/Indian","Latino/a","Other Non-White","White & Female","White & Male","Black & Female","Black & Male","Asian/Indian & Female","Asian/Indian & Male","Latina","Latino","Other Non-White & Female","Other Non-White & Male","Size of Most Recent Fund ($MM)","Size of Most Recent Fund ($MM) Grouping","VC Firm","Angel Group","Family Office","Other","Industry Focus - Tech","Industry Focus - Consumer","Industry Focus - General","Industry Focus - Other","Main Focus Midwest?","First Time Fund?","gender"
"1","Firm 1","Employee 1",1,0,0,0,1,0,1,0,0,0,0,1,0,0,0,0,0,0,0,0,0,"15","$5-$15",0,1,0,0,1,0,1,0,0,1,"Female"
"2","Firm 1","Employee 2",0,0,1,0,1,0,1,0,0,0,0,1,0,0,0,0,0,0,0,0,0,"15","$5-$15",0,1,0,0,1,0,1,0,0,1,"Female"
"3","Firm 1","Employee 3",0,0,1,0,1,0,1,0,0,0,0,1,0,0,0,0,0,0,0,0,0,"15","$5-$15",0,1,0,0,1,0,1,0,0,1,"Female"
"4","Firm 1","Employee 4",0,0,0,1,1,0,0,0,1,0,0,0,0,0,0,1,0,0,0,0,0,"15","$5-$15",0,1,0,0,1,0,1,0,0,1,"Female"
"5","Firm 1","Employee 5",0,0,0,1,1,0,1,0,0,0,0,1,0,0,0,0,0,0,0,0,0,"15","$5-$15",0,1,0,0,1,0,1,0,0,1,"Female"
"6","Firm 1","Employee 6",0,0,0,1,1,0,1,0,0,0,0,1,0,0,0,0,0,0,0,0,0,"15","$5-$15",0,1,0,0,1,0,1,0,0,1,"Female"
"7","Firm 1","Employee 7",0,0,1,0,1,0,1,0,0,0,0,1,0,0,0,0,0,0,0,0,0,"15","$5-$15",0,1,0,0,1,0,1,0,0,1,"Female"
"8","Firm 2","Employee 1",0,0,1,0,0,1,1,0,0,0,0,0,1,0,0,0,0,0,0,0,0,"66.04","$15.1-$99",1,0,0,0,1,0,0,0,1,0,"Male"
"9","Firm 2","Employee 2",0,0,1,0,1,0,1,0,0,0,0,1,0,0,0,0,0,0,0,0,0,"66.04","$15.1-$99",1,0,0,0,1,0,0,0,1,0,"Female"
"10","Firm 2","Employee 3",1,0,0,0,0,1,1,0,0,0,0,0,1,0,0,0,0,0,0,0,0,"66.04","$15.1-$99",1,0,0,0,1,0,0,0,1,0,"Male"
"11","Firm 2","Employee 4",1,0,0,0,0,1,1,0,0,0,0,0,1,0,0,0,0,0,0,0,0,"66.04","$15.1-$99",1,0,0,0,1,0,0,0,1,0,"Male"
"12","Firm 2","Employee 5",0,0,0,1,1,0,1,0,0,0,0,1,0,0,0,0,0,0,0,0,0,"66.04","$15.1-$99",1,0,0,0,1,0,0,0,1,0,"Female"
"13","Firm 3","Employee 1",0,0,1,0,0,1,0,0,1,0,0,0,0,0,0,0,1,0,0,0,0,"66.04","$15.1-$99",1,0,0,0,1,0,0,0,1,0,"Male"
"14","Firm 3","Employee 2",1,0,0,0,0,1,1,0,0,0,0,0,1,0,0,0,0,0,0,0,0,"66.04","$15.1-$99",1,0,0,0,1,0,0,0,1,0,"Male"
"15","Firm 3","Employee 3",1,0,0,0,1,0,1,0,0,0,0,1,0,0,0,0,0,0,0,0,0,"N/A","N/A",1,0,0,0,0,1,0,0,0,0,"Female"
"16","Firm 3","Employee 4",1,0,0,0,0,1,1,0,0,0,0,0,1,0,0,0,0,0,0,0,0,"N/A","N/A",1,0,0,0,0,1,0,0,0,0,"Male"
"17","Firm 3","Employee 5",0,0,1,0,1,0,1,0,0,0,0,1,0,0,0,0,0,0,0,0,0,"N/A","N/A",1,0,0,0,0,1,0,0,0,0,"Female"
"18","Firm 4","Employee 1",0,0,1,0,0,1,1,0,0,0,0,0,1,0,0,0,0,0,0,0,0,"N/A","N/A",1,0,0,0,0,1,0,0,0,0,"Male"
"19","Firm 4","Employee 2",0,0,1,0,1,0,1,0,0,0,0,1,0,0,0,0,0,0,0,0,0,"N/A","N/A",1,0,0,0,0,1,0,0,0,0,"Female"
"20","Firm 4","Employee 3",0,1,0,0,0,1,1,0,0,0,0,0,1,0,0,0,0,0,0,0,0,"N/A","N/A",1,0,0,0,0,1,0,0,0,0,"Male"
"21","Firm 4","Employee 4",1,0,0,0,0,1,1,0,0,0,0,0,1,0,0,0,0,0,0,0,0,"100","$100+",1,0,0,0,1,0,0,0,0,1,"Male"
"22","Firm 4","Employee 5",1,0,0,0,0,1,1,0,0,0,0,0,1,0,0,0,0,0,0,0,0,"100","$100+",1,0,0,0,1,0,0,0,0,1,"Male"
"23","Firm 4","Employee 6",0,0,1,0,1,0,0,0,1,0,0,0,0,0,0,1,0,0,0,0,0,"310","$100+",1,0,0,0,1,0,0,1,1,0,"Female"
"24","Firm 4","Employee 7",0,0,1,0,1,0,1,0,0,0,0,1,0,0,0,0,0,0,0,0,0,"310","$100+",1,0,0,0,1,0,0,1,1,0,"Female"
"25","Firm 4","Employee 8",0,0,1,0,0,1,1,0,0,0,0,0,1,0,0,0,0,0,0,0,0,"310","$100+",1,0,0,0,1,0,0,1,1,0,"Male"
"26","Firm 5","Employee 1",1,0,0,0,0,1,1,0,0,0,0,0,1,0,0,0,0,0,0,0,0,"100","$100+",1,0,0,0,1,0,0,0,0,1,"Male"
"27","Firm 5","Employee 2",1,0,0,0,0,1,1,0,0,0,0,0,1,0,0,0,0,0,0,0,0,"100","$100+",1,0,0,0,1,0,0,0,0,1,"Male"
"28","Firm 6","Employee 1",0,1,0,0,0,1,1,0,0,0,0,0,1,0,0,0,0,0,0,0,0,"100","$100+",1,0,0,0,1,0,0,0,0,1,"Male"
"29","Firm 6","Employee 2",1,0,0,0,0,1,1,0,0,0,0,0,1,0,0,0,0,0,0,0,0,"86.42","$15.1-$99",1,0,0,0,1,0,0,1,0,0,"Male"
"30","Firm 6","Employee 3",1,0,0,0,0,1,1,0,0,0,0,0,1,0,0,0,0,0,0,0,0,"86.42","$15.1-$99",1,0,0,0,1,0,0,1,0,0,"Male"
"31","Firm 6","Employee 4",1,0,0,0,0,1,1,0,0,0,0,0,1,0,0,0,0,0,0,0,0,"86.42","$15.1-$99",1,0,0,0,1,0,0,1,0,0,"Male"
"32","Firm 6","Employee 5",1,0,0,0,0,1,1,0,0,0,0,0,1,0,0,0,0,0,0,0,0,"86.42","$15.1-$99",1,0,0,0,1,0,0,1,0,0,"Male"
"33","Firm 6","Employee 6",1,0,0,0,0,1,0,0,1,0,0,0,0,0,0,0,1,0,0,0,0,"86.42","$15.1-$99",1,0,0,0,1,0,0,1,0,0,"Male"
"34","Firm 7","Employee 1",1,0,0,0,0,1,1,0,0,0,0,0,1,0,0,0,0,0,0,0,0,"86.42","$15.1-$99",1,0,0,0,1,0,0,1,0,0,"Male"
"35","Firm 7","Employee 2",0,0,1,0,1,0,1,0,0,0,0,1,0,0,0,0,0,0,0,0,0,"86.42","$15.1-$99",1,0,0,0,1,0,0,1,0,0,"Female"
"36","Firm 7","Employee 3",0,0,1,0,0,1,1,0,0,0,0,0,1,0,0,0,0,0,0,0,0,"86.42","$15.1-$99",1,0,0,0,1,0,0,1,0,0,"Male"
"37","Firm 7","Employee 4",0,0,1,0,0,1,1,0,0,0,0,0,1,0,0,0,0,0,0,0,0,"86.42","$15.1-$99",1,0,0,0,1,0,0,1,0,0,"Male"
"38","Firm 7","Employee 5",0,0,1,0,0,1,1,0,0,0,0,0,1,0,0,0,0,0,0,0,0,"86.42","$15.1-$99",1,0,0,0,1,0,0,1,0,0,"Male"
"39","Firm 7","Employee 6",0,0,1,0,0,1,1,0,0,0,0,0,1,0,0,0,0,0,0,0,0,"86.42","$15.1-$99",1,0,0,0,1,0,0,1,0,0,"Male"
"40","Firm 7","Employee 7",1,0,0,0,0,1,1,0,0,0,0,0,1,0,0,0,0,0,0,0,0,"408","$100+",1,0,0,0,0,0,0,1,0,0,"Male"
"41","Firm 7","Employee 8",0,1,0,0,0,1,1,0,0,0,0,0,1,0,0,0,0,0,0,0,0,"408","$100+",1,0,0,0,0,0,0,1,0,0,"Male"
"42","Firm 7","Employee 9",1,0,0,0,0,1,1,0,0,0,0,0,1,0,0,0,0,0,0,0,0,"408","$100+",1,0,0,0,0,0,0,1,0,0,"Male"
"43","Firm 8","Employee 1",0,0,1,0,0,1,1,0,0,0,0,0,1,0,0,0,0,0,0,0,0,"408","$100+",1,0,0,0,0,0,0,1,0,0,"Male"
"44","Firm 8","Employee 2",0,0,1,0,0,1,1,0,0,0,0,0,1,0,0,0,0,0,0,0,0,"408","$100+",1,0,0,0,0,0,0,1,0,0,"Male"
"45","Firm 8","Employee 3",0,0,1,0,0,1,1,0,0,0,0,0,1,0,0,0,0,0,0,0,0,"408","$100+",1,0,0,0,0,0,0,1,0,0,"Male"
"46","Firm 8","Employee 4",0,0,1,0,0,1,0,0,1,0,0,0,0,0,0,0,1,0,0,0,0,"408","$100+",1,0,0,0,0,0,0,1,0,0,"Male"
"47","Firm 9","Employee 1",1,0,0,0,0,1,0,0,1,0,0,0,0,0,0,0,1,0,0,0,0,"310","$100+",1,0,0,0,1,0,0,1,1,0,"Male"
"48","Firm 9","Employee 2",1,0,0,0,0,1,1,0,0,0,0,0,1,0,0,0,0,0,0,0,0,"310","$100+",1,0,0,0,1,0,0,1,1,0,"Male"
"49","Firm 9","Employee 3",1,0,0,0,0,1,1,0,0,0,0,0,1,0,0,0,0,0,0,0,0,"310","$100+",1,0,0,0,1,0,0,1,1,0,"Male"
"50","Firm 9","Employee 4",1,0,0,0,1,0,0,1,0,0,0,0,0,1,0,0,0,0,0,0,0,"310","$100+",1,0,0,0,1,0,0,1,1,0,"Female"
"51","Firm 10","Employee 1",0,0,1,0,1,0,1,0,0,0,0,1,0,0,0,0,0,0,0,0,0,"310","$100+",1,0,0,0,1,0,0,1,1,0,"Female"
"52","Firm 10","Employee 2",1,0,0,0,0,1,1,0,0,0,0,0,1,0,0,0,0,0,0,0,0,"N/A","N/A",0,0,1,0,0,1,0,0,0,0,"Male"
"53","Firm 10","Employee 3",1,0,0,0,0,1,1,0,0,0,0,0,1,0,0,0,0,0,0,0,0,"N/A","N/A",0,0,1,0,0,1,0,0,0,0,"Male"
"54","Firm 10","Employee 4",0,0,1,0,1,0,1,0,0,0,0,1,0,0,0,0,0,0,0,0,0,"N/A","N/A",0,0,1,0,0,1,0,0,0,0,"Female"
"55","Firm 10","Employee 5",1,0,0,0,0,1,1,0,0,0,0,0,1,0,0,0,0,0,0,0,0,"4.6","$5-$15",0,0,0,1,0,0,0,1,1,0,"Male"
"56","Firm 11","Employee 1",1,0,0,0,0,1,1,0,0,0,0,0,1,0,0,0,0,0,0,0,0,"4.6","$5-$15",0,0,0,1,0,0,0,1,1,0,"Male"
"57","Firm 11","Employee 2",0,1,0,0,0,1,1,0,0,0,0,0,1,0,0,0,0,0,0,0,0,"4.6","$5-$15",0,0,0,1,0,0,0,1,1,0,"Male"
"58","Firm 11","Employee 3",1,0,0,0,0,1,0,1,0,0,0,0,0,0,1,0,0,0,0,0,0,"N/A","N/A",1,0,0,0,1,1,0,0,0,1,"Male"
"59","Firm 11","Employee 4",0,0,1,0,0,1,1,0,0,0,0,0,1,0,0,0,0,0,0,0,0,"N/A","N/A",1,0,0,0,1,1,0,0,0,1,"Male"
"60","Firm 11","Employee 5",0,0,0,1,0,1,1,0,0,0,0,0,1,0,0,0,0,0,0,0,0,"N/A","N/A",1,0,0,0,1,1,0,0,0,1,"Male"
"61","Firm 11","Employee 6",1,0,0,0,1,0,0,1,0,0,0,0,0,1,0,0,0,0,0,0,0,"N/A","N/A",1,0,0,0,1,1,0,0,0,1,"Female"
"62","Firm 11","Employee 7",0,0,1,0,0,1,1,0,0,0,0,0,1,0,0,0,0,0,0,0,0,"N/A","N/A",1,0,0,0,1,1,0,0,0,1,"Male"
"63","Firm 11","Employee 8",1,0,0,0,0,1,1,0,0,0,0,0,1,0,0,0,0,0,0,0,0,"37","$15.1-$99",1,0,0,0,1,0,0,0,0,0,"Male"
"64","Firm 11","Employee 9",1,0,0,0,0,1,1,0,0,0,0,0,1,0,0,0,0,0,0,0,0,"37","$15.1-$99",1,0,0,0,1,0,0,0,0,0,"Male"
"65","Firm 11","Employee 10",0,0,1,0,0,1,1,0,0,0,0,0,1,0,0,0,0,0,0,0,0,"37","$15.1-$99",1,0,0,0,1,0,0,0,0,0,"Male"
"66","Firm 11","Employee 11",0,0,1,0,0,1,1,0,0,0,0,0,1,0,0,0,0,0,0,0,0,"37","$15.1-$99",1,0,0,0,1,0,0,0,0,0,"Male"
"67","Firm 12","Employee 1",1,0,0,0,0,1,1,0,0,0,0,0,1,0,0,0,0,0,0,0,0,"N/A","N/A",0,0,1,0,0,0,1,0,0,0,"Male"
"68","Firm 12","Employee 2",1,0,0,0,0,1,1,0,0,0,0,0,1,0,0,0,0,0,0,0,0,"N/A","N/A",0,0,1,0,0,0,1,0,0,0,"Male"
"69","Firm 12","Employee 3",0,0,1,0,0,1,1,0,0,0,0,0,1,0,0,0,0,0,0,0,0,"N/A","N/A",0,0,1,0,0,0,1,0,0,0,"Male"
"70","Firm 13","Employee 1",0,0,1,0,0,1,1,0,0,0,0,0,1,0,0,0,0,0,0,0,0,"N/A","N/A",0,0,1,0,0,0,1,0,0,0,"Male"
"71","Firm 13","Employee 2",0,0,1,0,1,0,1,0,0,0,0,1,0,0,0,0,0,0,0,0,0,"N/A","N/A",0,0,1,0,0,0,1,0,0,0,"Female"
"72","Firm 13","Employee 3",0,0,1,0,1,0,1,0,0,0,0,1,0,0,0,0,0,0,0,0,0,"N/A","N/A",0,0,1,0,0,0,1,0,0,0,"Female"
"73","Firm 13","Employee 4",0,0,1,0,0,1,1,0,0,0,0,0,1,0,0,0,0,0,0,0,0,"N/A","N/A",0,0,1,0,0,0,1,0,0,0,"Male"
"74","Firm 13","Employee 5",0,0,0,1,0,1,0,0,0,0,1,0,0,0,0,0,0,0,0,0,1,"N/A","N/A",0,0,1,0,0,0,1,0,0,0,"Male"
"75","Firm 13","Employee 6",0,0,0,1,0,1,1,0,0,0,0,0,1,0,0,0,0,0,0,0,0,"N/A","N/A",0,0,1,0,0,0,1,0,0,0,"Male"
"76","Firm 13","Employee 7",0,0,0,1,1,0,1,0,0,0,0,1,0,0,0,0,0,0,0,0,0,"N/A","N/A",0,0,1,0,0,0,1,0,0,0,"Female"
"77","Firm 13","Employee 8",0,0,0,1,1,0,0,0,0,1,0,0,0,0,0,0,0,1,0,0,0,"N/A","N/A",0,0,1,0,0,0,1,0,0,0,"Female"
"78","Firm 13","Employee 9",1,0,0,0,0,1,1,0,0,0,0,0,1,0,0,0,0,0,0,0,0,"15","$5-$15",1,0,0,0,1,0,0,1,0,1,"Male"
"79","Firm 13","Employee 10",1,0,0,0,0,1,1,0,0,0,0,0,1,0,0,0,0,0,0,0,0,"15","$5-$15",1,0,0,0,1,0,0,1,0,1,"Male"
"80","Firm 13","Employee 11",0,0,1,0,0,1,1,0,0,0,0,0,1,0,0,0,0,0,0,0,0,"15","$5-$15",1,0,0,0,1,0,0,1,0,1,"Male"
"81","Firm 13","Employee 12",0,0,1,0,0,1,1,0,0,0,0,0,1,0,0,0,0,0,0,0,0,"15","$5-$15",1,0,0,0,1,0,0,1,0,1,"Male"
"82","Firm 14","Employee 1",0,0,1,0,0,1,1,0,0,0,0,0,1,0,0,0,0,0,0,0,0,"15","$5-$15",1,0,0,0,1,0,0,1,0,1,"Male"
"83","Firm 14","Employee 2",0,0,1,0,0,1,1,0,0,0,0,0,1,0,0,0,0,0,0,0,0,"91","$15.1-$99",1,0,0,0,1,0,0,0,0,0,"Male"
"84","Firm 15","Employee 1",1,0,0,0,0,1,1,0,0,0,0,0,1,0,0,0,0,0,0,0,0,"91","$15.1-$99",1,0,0,0,1,0,0,0,0,0,"Male"
"85","Firm 15","Employee 2",0,0,1,0,0,1,1,0,0,0,0,0,1,0,0,0,0,0,0,0,0,"91","$15.1-$99",1,0,0,0,1,0,0,0,0,0,"Male"
"86","Firm 15","Employee 3",1,0,0,0,0,1,1,0,0,0,0,0,1,0,0,0,0,0,0,0,0,"91","$15.1-$99",1,0,0,0,1,0,0,0,0,0,"Male"
"87","Firm 15","Employee 4",1,0,0,0,0,1,1,0,0,0,0,0,1,0,0,0,0,0,0,0,0,"91","$15.1-$99",1,0,0,0,1,0,0,0,0,0,"Male"
"88","Firm 15","Employee 5",1,0,0,0,0,1,1,0,0,0,0,0,1,0,0,0,0,0,0,0,0,"91","$15.1-$99",1,0,0,0,1,0,0,0,0,0,"Male"
"89","Firm 15","Employee 6",0,0,1,0,0,1,1,0,0,0,0,0,1,0,0,0,0,0,0,0,0,"91","$15.1-$99",1,0,0,0,1,0,0,0,0,0,"Male"
"90","Firm 15","Employee 7",1,0,0,0,0,1,1,0,0,0,0,0,1,0,0,0,0,0,0,0,0,"91","$15.1-$99",1,0,0,0,1,0,0,0,0,0,"Male"
"91","Firm 15","Employee 8",0,0,1,0,0,1,1,0,0,0,0,0,1,0,0,0,0,0,0,0,0,"91","$15.1-$99",1,0,0,0,1,0,0,0,0,0,"Male"
"92","Firm 15","Employee 9",0,0,1,0,0,1,1,0,0,0,0,0,1,0,0,0,0,0,0,0,0,"91","$15.1-$99",1,0,0,0,1,0,0,0,0,0,"Male"
"93","Firm 15","Employee 10",1,0,0,0,0,1,1,0,0,0,0,0,1,0,0,0,0,0,0,0,0,"91","$15.1-$99",1,0,0,0,1,0,0,0,0,0,"Male"
"94","Firm 15","Employee 11",0,0,1,0,0,1,1,0,0,0,0,0,1,0,0,0,0,0,0,0,0,"91","$15.1-$99",1,0,0,0,1,0,0,0,0,0,"Male"
"95","Firm 15","Employee 12",0,0,1,0,0,1,1,0,0,0,0,0,1,0,0,0,0,0,0,0,0,"91","$15.1-$99",1,0,0,0,1,0,0,0,0,0,"Male"
"96","Firm 15","Employee 13",0,0,1,0,0,1,1,0,0,0,0,0,1,0,0,0,0,0,0,0,0,"91","$15.1-$99",1,0,0,0,1,0,0,0,0,0,"Male"
"97","Firm 15","Employee 14",1,0,0,0,0,1,1,0,0,0,0,0,1,0,0,0,0,0,0,0,0,"N/A","N/A",0,0,1,0,0,0,1,0,0,0,"Male"
"98","Firm 15","Employee 15",0,0,1,0,0,1,1,0,0,0,0,0,1,0,0,0,0,0,0,0,0,"N/A","N/A",0,0,1,0,0,0,1,0,0,0,"Male"
"99","Firm 15","Employee 16",1,0,0,0,0,1,1,0,0,0,0,0,1,0,0,0,0,0,0,0,0,"N/A","N/A",0,1,0,0,1,0,0,0,1,0,"Male"
"100","Firm 15","Employee 17",0,0,1,0,0,1,1,0,0,0,0,0,1,0,0,0,0,0,0,0,0,"N/A","N/A",0,1,0,0,1,0,0,0,1,0,"Male"
"101","Firm 15","Employee 18",0,0,0,1,1,0,1,0,0,0,0,1,0,0,0,0,0,0,0,0,0,"N/A","N/A",0,1,0,0,1,0,0,0,1,0,"Female"
"102","Firm 15","Employee 19",0,0,1,0,0,1,1,0,0,0,0,0,1,0,0,0,0,0,0,0,0,"N/A","N/A",0,1,0,0,1,0,0,0,1,0,"Male"
"103","Firm 15","Employee 20",0,0,1,0,1,0,1,0,0,0,0,1,0,0,0,0,0,0,0,0,0,"N/A","N/A",0,1,0,0,1,0,0,0,1,0,"Female"
"104","Firm 15","Employee 21",1,0,0,0,0,1,1,0,0,0,0,0,1,0,0,0,0,0,0,0,0,"65","$15.1-$99",1,0,0,0,1,0,0,0,1,0,"Male"
"105","Firm 15","Employee 22",1,0,0,0,0,1,1,0,0,0,0,0,1,0,0,0,0,0,0,0,0,"65","$15.1-$99",1,0,0,0,1,0,0,0,1,0,"Male"
"106","Firm 15","Employee 23",1,0,0,0,0,1,1,0,0,0,0,0,1,0,0,0,0,0,0,0,0,"65","$15.1-$99",1,0,0,0,1,0,0,0,1,0,"Male"
"107","Firm 15","Employee 24",0,0,1,0,0,1,1,0,0,0,0,0,1,0,0,0,0,0,0,0,0,"65","$15.1-$99",1,0,0,0,1,0,0,0,1,0,"Male"
"108","Firm 15","Employee 25",0,0,1,0,1,0,1,0,0,0,0,1,0,0,0,0,0,0,0,0,0,"65","$15.1-$99",1,0,0,0,1,0,0,0,1,0,"Female"
"109","Firm 15","Employee 26",0,0,0,1,1,0,1,0,0,0,0,1,0,0,0,0,0,0,0,0,0,"65","$15.1-$99",1,0,0,0,1,0,0,0,1,0,"Female"
"110","Firm 15","Employee 27",0,1,0,0,1,0,1,0,0,0,0,1,0,0,0,0,0,0,0,0,0,"65","$15.1-$99",1,0,0,0,1,0,0,0,1,0,"Female"
"111","Firm 15","Employee 28",0,0,0,1,1,0,1,0,0,0,0,1,0,0,0,0,0,0,0,0,0,"65","$15.1-$99",1,0,0,0,1,0,0,0,1,0,"Female"
"112","Firm 16","Employee 1",0,0,0,1,1,0,1,0,0,0,0,1,0,0,0,0,0,0,0,0,0,"65","$15.1-$99",1,0,0,0,1,0,0,0,1,0,"Female"
"113","Firm 16","Employee 2",0,0,1,0,1,0,1,0,0,0,0,1,0,0,0,0,0,0,0,0,0,"10","$5-$15",1,0,0,0,1,0,0,1,0,0,"Female"
"114","Firm 16","Employee 3",1,0,0,0,1,0,1,0,0,0,0,1,0,0,0,0,0,0,0,0,0,"10","$5-$15",1,0,0,0,1,0,0,1,0,0,"Female"
"115","Firm 17","Employee 1",0,0,0,1,1,0,1,0,0,0,0,1,0,0,0,0,0,0,0,0,0,"10","$5-$15",1,0,0,0,1,0,0,1,0,0,"Female"
"116","Firm 17","Employee 2",1,0,0,0,0,1,0,0,1,0,0,0,0,0,0,0,1,0,0,0,0,"10","$5-$15",1,0,0,0,1,0,0,1,0,0,"Male"
"117","Firm 17","Employee 3",1,0,0,0,1,0,0,0,1,0,0,0,0,0,0,1,0,0,0,0,0,"10","$5-$15",1,0,0,0,1,0,0,1,0,0,"Female"
"118","Firm 17","Employee 4",1,0,0,0,1,0,1,0,0,0,0,1,0,0,0,0,0,0,0,0,0,"10","$5-$15",1,0,0,0,1,0,0,1,0,0,"Female"
"119","Firm 17","Employee 5",0,0,1,0,0,1,0,0,1,0,0,0,0,0,0,0,1,0,0,0,0,"10","$5-$15",1,0,0,0,1,0,0,1,0,0,"Male"
"120","Firm 17","Employee 6",0,0,0,1,1,0,1,0,0,0,0,1,0,0,0,0,0,0,0,0,0,"10","$5-$15",1,0,0,0,1,0,0,1,0,0,"Female"
"121","Firm 17","Employee 7",0,1,0,0,0,1,1,0,0,0,0,0,1,0,0,0,0,0,0,0,0,"100","$100+",1,0,0,0,1,0,0,0,0,0,"Male"
"122","Firm 18","Employee 1",0,1,0,0,0,1,1,0,0,0,0,0,1,0,0,0,0,0,0,0,0,"100","$100+",1,0,0,0,1,0,0,0,0,0,"Male"
"123","Firm 18","Employee 2",0,0,1,0,1,0,1,0,0,0,0,1,0,0,0,0,0,0,0,0,0,"100","$100+",1,0,0,0,1,0,0,0,0,0,"Female"
"124","Firm 19","Employee 1",0,1,0,0,0,1,1,0,0,0,0,0,1,0,0,0,0,0,0,0,0,"100","$100+",1,0,0,0,1,0,0,0,0,0,"Male"
"125","Firm 19","Employee 2",1,0,0,0,0,1,1,0,0,0,0,0,1,0,0,0,0,0,0,0,0,"100","$100+",1,0,0,0,1,0,0,0,0,0,"Male"
"126","Firm 20","Employee 1",0,0,1,0,0,1,1,0,0,0,0,0,1,0,0,0,0,0,0,0,0,"100","$100+",1,0,0,0,1,0,0,0,0,0,"Male"
"127","Firm 20","Employee 2",0,0,0,1,1,0,1,0,0,0,0,1,0,0,0,0,0,0,0,0,0,"100","$100+",1,0,0,0,1,0,0,0,0,0,"Female"
"128","Firm 20","Employee 3",1,0,0,0,0,1,0,0,1,0,0,0,0,0,0,0,1,0,0,0,0,"100","$100+",1,0,0,0,1,0,0,0,0,0,"Male"
"129","Firm 21","Employee 1",0,0,0,1,1,0,1,0,0,0,0,1,0,0,0,0,0,0,0,0,0,"100","$100+",1,0,0,0,1,0,0,0,0,0,"Female"
"130","Firm 22","Employee 1",0,0,1,0,0,1,1,0,0,0,0,0,1,0,0,0,0,0,0,0,0,"N/A","N/A",0,0,1,0,0,1,0,0,0,0,"Male"
"131","Firm 22","Employee 2",1,0,0,0,0,1,1,0,0,0,0,0,1,0,0,0,0,0,0,0,0,"11","$5-$15",1,0,0,0,0,0,1,0,1,0,"Male"
"132","Firm 22","Employee 3",0,0,1,0,0,1,0,0,0,0,1,0,0,0,0,0,0,0,0,0,1,"11","$5-$15",1,0,0,0,0,0,1,0,1,0,"Male"
"133","Firm 23","Employee 1",0,0,1,0,1,0,0,0,1,0,0,0,0,0,0,1,0,0,0,0,0,"11","$5-$15",1,0,0,0,0,0,1,0,1,0,"Female"
"134","Firm 23","Employee 2",1,0,0,0,0,1,1,0,0,0,0,0,1,0,0,0,0,0,0,0,0,"28","$15.1-$99",1,0,0,0,1,0,0,0,0,1,"Male"
"135","Firm 23","Employee 3",1,0,0,0,0,1,1,0,0,0,0,0,1,0,0,0,0,0,0,0,0,"28","$15.1-$99",1,0,0,0,1,0,0,0,0,1,"Male"
"136","Firm 23","Employee 4",1,0,0,0,1,0,1,0,0,0,0,1,0,0,0,0,0,0,0,0,0,"28","$15.1-$99",1,0,0,0,1,0,0,0,0,1,"Female"
"137","Firm 23","Employee 5",0,0,1,0,1,0,0,0,0,1,0,0,0,0,0,0,0,1,0,0,0,"28","$15.1-$99",1,0,0,0,1,0,0,0,0,1,"Female"
"138","Firm 23","Employee 6",0,1,0,0,0,1,1,0,0,0,0,0,1,0,0,0,0,0,0,0,0,"28","$15.1-$99",1,0,0,0,1,0,0,0,0,1,"Male"
"139","Firm 24","Employee 1",0,0,0,1,1,0,1,0,0,0,0,1,0,0,0,0,0,0,0,0,0,"28","$15.1-$99",1,0,0,0,1,0,0,0,0,1,"Female"
"140","Firm 24","Employee 2",1,0,0,0,0,1,1,0,0,0,0,0,1,0,0,0,0,0,0,0,0,"100","$100+",1,0,0,0,1,0,0,0,0,0,"Male"
"141","Firm 24","Employee 3",1,0,0,0,0,1,1,0,0,0,0,0,1,0,0,0,0,0,0,0,0,"100","$100+",1,0,0,0,1,0,0,0,0,0,"Male"
"142","Firm 24","Employee 4",1,0,0,0,0,1,1,0,0,0,0,0,1,0,0,0,0,0,0,0,0,"100","$100+",1,0,0,0,1,0,0,0,0,0,"Male"
"143","Firm 24","Employee 5",1,0,0,0,0,1,1,0,0,0,0,0,1,0,0,0,0,0,0,0,0,"100","$100+",1,0,0,0,1,0,0,0,0,0,"Male"
"144","Firm 24","Employee 6",1,0,0,0,0,1,1,0,0,0,0,0,1,0,0,0,0,0,0,0,0,"100","$100+",1,0,0,0,1,0,0,0,0,0,"Male"
"145","Firm 24","Employee 7",1,0,0,0,0,1,1,0,0,0,0,0,1,0,0,0,0,0,0,0,0,"100","$100+",1,0,0,0,1,0,0,0,0,0,"Male"
"146","Firm 24","Employee 8",0,0,1,0,0,1,0,0,0,0,1,0,0,0,0,0,0,0,0,0,1,"100","$100+",1,0,0,0,1,0,0,0,0,0,"Male"
"147","Firm 25","Employee 1",0,0,1,0,0,1,0,0,0,0,1,0,0,0,0,0,0,0,0,0,1,"100","$100+",1,0,0,0,1,0,0,0,0,0,"Male"
"148","Firm 25","Employee 2",1,0,0,0,0,1,1,0,0,0,0,0,1,0,0,0,0,0,0,0,0,"80.55","$15.1-$99",1,0,0,0,1,0,0,0,0,0,"Male"
"149","Firm 25","Employee 3",1,0,0,0,0,1,1,0,0,0,0,0,1,0,0,0,0,0,0,0,0,"80.55","$15.1-$99",1,0,0,0,1,0,0,0,0,0,"Male"
"150","Firm 26","Employee 1",1,0,0,0,0,1,1,0,0,0,0,0,1,0,0,0,0,0,0,0,0,"80.55","$15.1-$99",1,0,0,0,1,0,0,0,0,0,"Male"
"151","Firm 26","Employee 2",1,0,0,0,0,1,1,0,0,0,0,0,1,0,0,0,0,0,0,0,0,"80.55","$15.1-$99",1,0,0,0,1,0,0,0,0,0,"Male"
"152","Firm 26","Employee 3",0,0,1,0,0,1,1,0,0,0,0,0,1,0,0,0,0,0,0,0,0,"80.55","$15.1-$99",1,0,0,0,1,0,0,0,0,0,"Male"
"153","Firm 27","Employee 1",0,0,1,0,0,1,0,0,1,0,0,0,0,0,0,0,1,0,0,0,0,"80.55","$15.1-$99",1,0,0,0,1,0,0,0,0,0,"Male"
"154","Firm 27","Employee 2",0,0,0,1,0,1,1,0,0,0,0,0,1,0,0,0,0,0,0,0,0,"80.55","$15.1-$99",1,0,0,0,1,0,0,0,0,0,"Male"
"155","Firm 27","Employee 3",1,0,0,0,0,1,1,0,0,0,0,0,1,0,0,0,0,0,0,0,0,"N/A","N/A",0,0,1,0,0,0,1,0,0,0,"Male"
"156","Firm 27","Employee 4",1,0,0,0,0,1,1,0,0,0,0,0,1,0,0,0,0,0,0,0,0,"N/A","N/A",0,0,1,0,0,0,1,0,0,0,"Male"
"157","Firm 27","Employee 5",1,0,0,0,0,1,1,0,0,0,0,0,1,0,0,0,0,0,0,0,0,"N/A","N/A",0,0,1,0,0,0,1,0,0,0,"Male"
"158","Firm 27","Employee 6",1,0,0,0,0,1,1,0,0,0,0,0,1,0,0,0,0,0,0,0,0,"N/A","N/A",0,0,1,0,0,0,1,0,0,0,"Male"
"159","Firm 27","Employee 7",1,0,0,0,0,1,1,0,0,0,0,0,1,0,0,0,0,0,0,0,0,"N/A","N/A",0,0,1,0,0,0,1,0,0,0,"Male"
"160","Firm 28","Employee 1",1,0,0,0,0,1,1,0,0,0,0,0,1,0,0,0,0,0,0,0,0,"N/A","N/A",0,0,1,0,0,0,1,0,0,0,"Male"
"161","Firm 28","Employee 2",0,0,1,0,1,0,0,0,1,0,0,0,0,0,0,1,0,0,0,0,0,"N/A","N/A",0,0,1,0,0,0,1,0,0,0,"Female"
"162","Firm 28","Employee 3",0,0,1,0,0,1,0,0,1,0,0,0,0,0,0,0,1,0,0,0,0,"N/A","N/A",0,0,1,0,0,0,1,0,0,0,"Male"
"163","Firm 28","Employee 4",0,0,1,0,1,0,1,0,0,0,0,1,0,0,0,0,0,0,0,0,0,"N/A","N/A",0,0,1,0,0,0,1,0,0,0,"Female"
"164","Firm 28","Employee 5",0,0,1,0,0,1,1,0,0,0,0,0,1,0,0,0,0,0,0,0,0,"N/A","N/A",0,0,1,0,0,0,1,0,0,0,"Male"
"165","Firm 28","Employee 6",0,0,0,1,1,0,1,0,0,0,0,1,0,0,0,0,0,0,0,0,0,"N/A","N/A",0,0,1,0,0,0,1,0,0,0,"Female"
"166","Firm 28","Employee 7",0,0,1,0,1,0,0,0,1,0,0,0,0,0,0,1,0,0,0,0,0,"N/A","N/A",0,0,1,0,0,0,1,0,0,0,"Female"
"167","Firm 28","Employee 8",0,0,1,0,0,1,1,0,0,0,0,0,1,0,0,0,0,0,0,0,0,"N/A","N/A",0,0,1,0,0,0,1,0,0,0,"Male"
"168","Firm 28","Employee 9",0,0,1,0,0,1,1,0,0,0,0,0,1,0,0,0,0,0,0,0,0,"N/A","N/A",0,0,1,0,0,0,1,0,0,0,"Male"
"169","Firm 29","Employee 1",1,0,0,0,0,1,1,0,0,0,0,0,1,0,0,0,0,0,0,0,0,"5","$5-$15",1,0,0,0,0,0,1,0,0,0,"Male"
"170","Firm 29","Employee 2",0,0,1,0,0,1,0,1,0,0,0,0,0,0,1,0,0,0,0,0,0,"5","$5-$15",1,0,0,0,0,0,1,0,0,0,"Male"
"171","Firm 30","Employee 1",1,0,0,0,0,1,1,0,0,0,0,0,1,0,0,0,0,0,0,0,0,"9.82","$5-$15",1,0,0,0,1,0,0,0,0,1,"Male"
"172","Firm 30","Employee 2",1,0,0,0,0,1,1,0,0,0,0,0,1,0,0,0,0,0,0,0,0,"9.82","$5-$15",1,0,0,0,1,0,0,0,0,1,"Male"
"173","Firm 30","Employee 3",1,0,0,0,0,1,1,0,0,0,0,0,1,0,0,0,0,0,0,0,0,"9.82","$5-$15",1,0,0,0,1,0,0,0,0,1,"Male"
"174","Firm 30","Employee 4",0,0,1,0,0,1,1,0,0,0,0,0,1,0,0,0,0,0,0,0,0,"9.82","$5-$15",1,0,0,0,1,0,0,0,0,1,"Male"
"175","Firm 30","Employee 5",1,0,0,0,0,1,0,0,1,0,0,0,0,0,0,0,1,0,0,0,0,"180","$100+",1,0,0,0,0,1,0,0,0,0,"Male"
"176","Firm 30","Employee 6",1,0,0,0,0,1,1,0,0,0,0,0,1,0,0,0,0,0,0,0,0,"180","$100+",1,0,0,0,0,1,0,0,0,0,"Male"
"177","Firm 30","Employee 7",1,0,0,0,0,1,1,0,0,0,0,0,1,0,0,0,0,0,0,0,0,"180","$100+",1,0,0,0,0,1,0,0,0,0,"Male"
"178","Firm 30","Employee 8",1,0,0,0,0,1,0,1,0,0,0,0,0,0,1,0,0,0,0,0,0,"180","$100+",1,0,0,0,0,1,0,0,0,0,"Male"
"179","Firm 30","Employee 9",0,0,1,0,1,0,1,0,0,0,0,1,0,0,0,0,0,0,0,0,0,"180","$100+",1,0,0,0,0,1,0,0,0,0,"Female"
"180","Firm 30","Employee 10",0,0,0,1,1,0,1,0,0,0,0,1,0,0,0,0,0,0,0,0,0,"180","$100+",1,0,0,0,0,1,0,0,0,0,"Female"
"181","Firm 31","Employee 1",0,0,1,0,0,1,0,0,1,0,0,0,0,0,0,0,1,0,0,0,0,"180","$100+",1,0,0,0,0,1,0,0,0,0,"Male"
"182","Firm 31","Employee 2",0,0,1,0,0,1,1,0,0,0,0,0,1,0,0,0,0,0,0,0,0,"180","$100+",1,0,0,0,0,1,0,0,0,0,"Male"
"183","Firm 31","Employee 3",0,0,0,1,1,0,1,0,0,0,0,1,0,0,0,0,0,0,0,0,0,"180","$100+",1,0,0,0,0,1,0,0,0,0,"Female"
"184","Firm 31","Employee 4",0,0,0,1,1,0,1,0,0,0,0,1,0,0,0,0,0,0,0,0,0,"180","$100+",1,0,0,0,0,1,0,0,0,0,"Female"
"185","Firm 31","Employee 5",1,0,0,0,0,1,1,0,0,0,0,0,1,0,0,0,0,0,0,0,0,"5","$5-$15",1,0,0,0,1,0,0,0,1,1,"Male"
"186","Firm 31","Employee 6",1,0,0,0,0,1,1,0,0,0,0,0,1,0,0,0,0,0,0,0,0,"115","$100+",1,0,0,0,1,0,0,1,0,0,"Male"
"187","Firm 31","Employee 7",0,0,1,0,0,1,0,0,1,0,0,0,0,0,0,0,1,0,0,0,0,"115","$100+",1,0,0,0,1,0,0,1,0,0,"Male"
"188","Firm 31","Employee 8",0,0,0,1,1,0,0,0,1,0,0,0,0,0,0,1,0,0,0,0,0,"115","$100+",1,0,0,0,1,0,0,1,0,0,"Female"
"189","Firm 31","Employee 9",1,0,0,0,0,1,1,0,0,0,0,0,1,0,0,0,0,0,0,0,0,"115","$100+",1,0,0,0,1,0,0,1,0,0,"Male"
"190","Firm 31","Employee 10",1,0,0,0,0,1,1,0,0,0,0,0,1,0,0,0,0,0,0,0,0,"115","$100+",1,0,0,0,1,0,0,1,0,0,"Male"
"191","Firm 31","Employee 11",0,0,0,1,1,0,1,0,0,0,0,1,0,0,0,0,0,0,0,0,0,"115","$100+",1,0,0,0,1,0,0,1,0,0,"Female"
"192","Firm 31","Employee 12",1,0,0,0,1,0,0,0,0,0,1,0,0,0,0,0,0,0,0,1,0,"115","$100+",1,0,0,0,1,0,0,1,0,0,"Female"
"193","Firm 31","Employee 13",0,0,1,0,0,1,1,0,0,0,0,0,1,0,0,0,0,0,0,0,0,"115","$100+",1,0,0,0,1,0,0,1,0,0,"Male"
"194","Firm 31","Employee 14",1,0,0,0,0,1,1,0,0,0,0,0,1,0,0,0,0,0,0,0,0,"115","$100+",1,0,0,0,1,0,0,1,0,0,"Male"
"195","Firm 32","Employee 1",0,0,0,1,1,0,1,0,0,0,0,1,0,0,0,0,0,0,0,0,0,"115","$100+",1,0,0,0,1,0,0,1,0,0,"Female"
"196","Firm 32","Employee 2",0,0,1,0,0,1,1,0,0,0,0,0,1,0,0,0,0,0,0,0,0,"115","$100+",1,0,0,0,1,0,0,1,0,0,"Male"
"197","Firm 32","Employee 3",0,0,1,0,0,1,0,1,0,0,0,0,0,0,1,0,0,0,0,0,0,"115","$100+",1,0,0,0,1,0,0,1,0,0,"Male"
"198","Firm 32","Employee 4",1,0,0,0,0,1,1,0,0,0,0,0,1,0,0,0,0,0,0,0,0,"115","$100+",1,0,0,0,1,0,0,1,0,0,"Male"
"199","Firm 33","Employee 1",1,0,0,0,1,0,0,0,1,0,0,0,0,0,0,1,0,0,0,0,0,"115","$100+",1,0,0,0,1,0,0,1,0,0,"Female"
"200","Firm 33","Employee 2",0,1,0,0,1,0,1,0,0,0,0,1,0,0,0,0,0,0,0,0,0,"115","$100+",1,0,0,0,1,0,0,1,0,0,"Female"
"201","Firm 33","Employee 3",1,0,0,0,0,1,1,0,0,0,0,0,1,0,0,0,0,0,0,0,0,"115","$100+",1,0,0,0,1,0,0,1,0,0,"Male"
"202","Firm 34","Employee 1",1,0,0,0,0,1,1,0,0,0,0,0,1,0,0,0,0,0,0,0,0,"115","$100+",1,0,0,0,1,0,0,1,0,0,"Male"
"203","Firm 35","Employee 1",0,0,1,0,0,1,1,0,0,0,0,0,1,0,0,0,0,0,0,0,0,"115","$100+",1,0,0,0,1,0,0,1,0,0,"Male"
"204","Firm 35","Employee 2",0,0,0,1,1,0,1,0,0,0,0,1,0,0,0,0,0,0,0,0,0,"115","$100+",1,0,0,0,1,0,0,1,0,0,"Female"
"205","Firm 35","Employee 3",1,0,0,0,0,1,1,0,0,0,0,0,1,0,0,0,0,0,0,0,0,"115","$100+",1,0,0,0,1,0,0,1,0,0,"Male"
"206","Firm 36","Employee 1",1,0,0,0,0,1,1,0,0,0,0,0,1,0,0,0,0,0,0,0,0,"115","$100+",1,0,0,0,1,0,0,1,0,0,"Male"
"207","Firm 36","Employee 2",0,0,1,0,0,1,1,0,0,0,0,0,1,0,0,0,0,0,0,0,0,"115","$100+",1,0,0,0,1,0,0,1,0,0,"Male"
"208","Firm 37","Employee 1",0,0,1,0,1,0,1,0,0,0,0,1,0,0,0,0,0,0,0,0,0,"115","$100+",1,0,0,0,1,0,0,1,0,0,"Female"
"209","Firm 37","Employee 2",0,0,0,1,1,0,1,0,0,0,0,1,0,0,0,0,0,0,0,0,0,"115","$100+",1,0,0,0,1,0,0,1,0,0,"Female"
"210","Firm 38","Employee 1",0,0,0,1,1,0,1,0,0,0,0,1,0,0,0,0,0,0,0,0,0,"115","$100+",1,0,0,0,1,0,0,1,0,0,"Female"
"211","Firm 39","Employee 1",1,0,0,0,0,1,1,0,0,0,0,0,1,0,0,0,0,0,0,0,0,"115","$100+",1,0,0,0,1,0,0,1,0,0,"Male"
"212","Firm 39","Employee 2",1,0,0,0,0,1,1,0,0,0,0,0,1,0,0,0,0,0,0,0,0,"115","$100+",1,0,0,0,1,0,0,1,0,0,"Male"
"213","Firm 39","Employee 3",0,0,1,0,0,1,1,0,0,0,0,0,1,0,0,0,0,0,0,0,0,"115","$100+",1,0,0,0,1,0,0,1,0,0,"Male"
"214","Firm 40","Employee 1",1,0,0,0,0,1,0,1,0,0,0,0,0,0,1,0,0,0,0,0,0,"7.7","$5-$15",1,0,0,0,0,0,1,0,0,0,"Male"
"215","Firm 40","Employee 2",1,0,0,0,0,1,1,0,0,0,0,0,1,0,0,0,0,0,0,0,0,"7.7","$5-$15",1,0,0,0,0,0,1,0,0,0,"Male"
"216","Firm 40","Employee 3",1,0,0,0,0,1,1,0,0,0,0,0,1,0,0,0,0,0,0,0,0,"N/A","N/A",0,0,0,1,0,1,0,0,1,1,"Male"
"217","Firm 40","Employee 4",1,0,0,0,0,1,1,0,0,0,0,0,1,0,0,0,0,0,0,0,0,"N/A","N/A",0,0,0,1,0,1,0,0,1,1,"Male"
"218","Firm 41","Employee 1",0,0,0,1,1,0,1,0,0,0,0,1,0,0,0,0,0,0,0,0,0,"N/A","N/A",0,0,0,1,0,1,0,0,1,1,"Female"
"219","Firm 41","Employee 2",1,0,0,0,0,1,1,0,0,0,0,0,1,0,0,0,0,0,0,0,0,"N/A","N/A",0,0,1,0,1,0,0,0,1,0,"Male"
"220","Firm 41","Employee 3",0,0,1,0,0,1,1,0,0,0,0,0,1,0,0,0,0,0,0,0,0,"N/A","N/A",0,0,1,0,1,0,0,0,1,0,"Male"
"221","Firm 41","Employee 4",0,0,1,0,0,1,1,0,0,0,0,0,1,0,0,0,0,0,0,0,0,"N/A","N/A",0,0,1,0,1,0,0,0,1,0,"Male"
"222","Firm 41","Employee 5",1,0,0,0,1,0,1,0,0,0,0,1,0,0,0,0,0,0,0,0,0,"N/A","N/A",0,1,0,0,0,0,1,0,0,0,"Female"
"223","Firm 42","Employee 1",0,0,0,1,1,0,1,0,0,0,0,1,0,0,0,0,0,0,0,0,0,"N/A","N/A",0,1,0,0,0,0,1,0,0,0,"Female"
"224","Firm 42","Employee 2",1,0,0,0,0,1,1,0,0,0,0,0,1,0,0,0,0,0,0,0,0,"N/A","N/A",0,1,0,0,0,0,1,0,1,0,"Male"
"225","Firm 42","Employee 3",0,0,1,0,0,1,1,0,0,0,0,0,1,0,0,0,0,0,0,0,0,"N/A","N/A",0,0,0,1,1,0,0,0,0,0,"Male"
"226","Firm 42","Employee 4",1,0,0,0,1,0,1,0,0,0,0,1,0,0,0,0,0,0,0,0,0,"N/A","N/A",0,0,0,1,1,0,0,0,0,0,"Female"
"227","Firm 42","Employee 5",1,0,0,0,1,0,1,0,0,0,0,1,0,0,0,0,0,0,0,0,0,"22.5","$15.1-$99",1,0,0,0,0,0,0,1,0,1,"Female"
"228","Firm 42","Employee 6",0,0,1,0,0,1,0,0,1,0,0,0,0,0,0,0,1,0,0,0,0,"22.5","$15.1-$99",1,0,0,0,0,0,0,1,0,1,"Male"
"229","Firm 42","Employee 7",0,0,1,0,0,1,1,0,0,0,0,0,1,0,0,0,0,0,0,0,0,"22.5","$15.1-$99",1,0,0,0,0,0,0,1,0,1,"Male"
"230","Firm 42","Employee 8",0,0,1,0,1,0,0,0,1,0,0,0,0,0,0,1,0,0,0,0,0,"22.5","$15.1-$99",1,0,0,0,0,0,0,1,0,1,"Female"
"231","Firm 43","Employee 1",1,0,0,0,0,1,1,0,0,0,0,0,1,0,0,0,0,0,0,0,0,"22.5","$15.1-$99",1,0,0,0,0,0,0,1,0,1,"Male"
"232","Firm 43","Employee 2",1,0,0,0,0,1,1,0,0,0,0,0,1,0,0,0,0,0,0,0,0,"N/A","N/A",1,0,0,0,0,0,0,1,0,0,"Male"
"233","Firm 44","Employee 1",1,0,0,0,0,1,1,0,0,0,0,0,1,0,0,0,0,0,0,0,0,"N/A","N/A",1,0,0,0,0,0,0,1,0,0,"Male"
"234","Firm 44","Employee 2",1,0,0,0,0,1,1,0,0,0,0,0,1,0,0,0,0,0,0,0,0,"N/A","N/A",1,0,0,0,1,0,0,0,0,0,"Male"
"235","Firm 45","Employee 1",0,0,1,0,1,0,0,0,1,0,0,0,0,0,0,1,0,0,0,0,0,"N/A","N/A",1,0,0,0,1,0,0,0,0,0,"Female"
"236","Firm 45","Employee 2",1,0,0,0,0,1,1,0,0,0,0,0,1,0,0,0,0,0,0,0,0,"N/A","N/A",0,1,0,0,1,0,0,0,0,0,"Male"
"237","Firm 45","Employee 3",0,0,1,0,0,1,1,0,0,0,0,0,1,0,0,0,0,0,0,0,0,"N/A","N/A",0,1,0,0,1,0,0,0,0,0,"Male"
"238","Firm 46","Employee 1",1,0,0,0,0,1,1,0,0,0,0,0,1,0,0,0,0,0,0,0,0,"N/A","N/A",0,1,0,0,0,0,1,0,1,0,"Male"
"239","Firm 46","Employee 2",0,0,1,0,0,1,1,0,0,0,0,0,1,0,0,0,0,0,0,0,0,"N/A","N/A",0,1,0,0,0,0,1,0,1,0,"Male"
"240","Firm 47","Employee 1",0,0,1,0,1,0,1,0,0,0,0,1,0,0,0,0,0,0,0,0,0,"N/A","N/A",0,1,0,0,0,0,1,0,1,0,"Female"
"241","Firm 47","Employee 2",1,0,0,0,1,0,1,0,0,0,0,1,0,0,0,0,0,0,0,0,0,"15.2","$15.1-$99",1,0,0,0,1,0,0,1,1,0,"Female"
"242","Firm 48","Employee 1",0,0,1,0,0,1,1,0,0,0,0,0,1,0,0,0,0,0,0,0,0,"15.2","$15.1-$99",1,0,0,0,1,0,0,1,1,0,"Male"
"243","Firm 48","Employee 2",0,0,1,0,0,1,1,0,0,0,0,0,1,0,0,0,0,0,0,0,0,"15.2","$15.1-$99",1,0,0,0,1,0,0,1,1,0,"Male"
"244","Firm 49","Employee 1",0,0,1,0,0,1,1,0,0,0,0,0,1,0,0,0,0,0,0,0,0,"15.2","$15.1-$99",1,0,0,0,1,0,0,1,1,0,"Male"
"245","Firm 49","Employee 2",0,0,0,1,0,1,1,0,0,0,0,0,1,0,0,0,0,0,0,0,0,"15.2","$15.1-$99",1,0,0,0,1,0,0,1,1,0,"Male"
"246","Firm 49","Employee 3",1,0,0,0,0,1,1,0,0,0,0,0,1,0,0,0,0,0,0,0,0,"11","$5-$15",1,0,0,0,0,0,0,1,0,1,"Male"
"247","Firm 49","Employee 4",1,0,0,0,0,1,1,0,0,0,0,0,1,0,0,0,0,0,0,0,0,"11","$5-$15",1,0,0,0,0,0,0,1,0,1,"Male"
"248","Firm 50","Employee 1",1,0,0,0,0,1,1,0,0,0,0,0,1,0,0,0,0,0,0,0,0,"11","$5-$15",1,0,0,0,0,0,0,1,0,1,"Male"
"249","Firm 51","Employee 1",1,0,0,0,0,1,1,0,0,0,0,0,1,0,0,0,0,0,0,0,0,"11","$5-$15",1,0,0,0,0,0,0,1,0,1,"Male"
"250","Firm 51","Employee 2",1,0,0,0,0,1,1,0,0,0,0,0,1,0,0,0,0,0,0,0,0,"150","$100+",1,0,0,0,1,0,0,0,0,0,"Male"
"251","Firm 51","Employee 3",1,0,0,0,1,0,1,0,0,0,0,1,0,0,0,0,0,0,0,0,0,"150","$100+",1,0,0,0,1,0,0,0,0,0,"Female"
"252","Firm 52","Employee 1",1,0,0,0,0,1,1,0,0,0,0,0,1,0,0,0,0,0,0,0,0,"150","$100+",1,0,0,0,1,0,0,0,0,0,"Male"
"253","Firm 52","Employee 2",1,0,0,0,0,1,1,0,0,0,0,0,1,0,0,0,0,0,0,0,0,"150","$100+",1,0,0,0,1,0,0,0,0,0,"Male"
"254","Firm 52","Employee 3",0,0,1,0,0,1,0,0,0,1,0,0,0,0,0,0,0,0,1,0,0,"150","$100+",1,0,0,0,1,0,0,0,0,0,"Male"
"255","Firm 52","Employee 4",0,0,0,1,1,0,1,0,0,0,0,1,0,0,0,0,0,0,0,0,0,"150","$100+",1,0,0,0,1,0,0,0,0,0,"Female"
"256","Firm 52","Employee 5",0,0,1,0,0,1,1,0,0,0,0,0,1,0,0,0,0,0,0,0,0,"150","$100+",1,0,0,0,1,0,0,0,0,0,"Male"
"257","Firm 52","Employee 6",0,0,0,1,1,0,0,1,0,0,0,0,0,1,0,0,0,0,0,0,0,"150","$100+",1,0,0,0,1,0,0,0,0,0,"Female"
"258","Firm 52","Employee 7",0,1,0,0,1,0,1,0,0,0,0,1,0,0,0,0,0,0,0,0,0,"150","$100+",1,0,0,0,1,0,0,0,0,0,"Female"
"259","Firm 53","Employee 1",1,0,0,0,1,0,1,0,0,0,0,1,0,0,0,0,0,0,0,0,0,"N/A","N/A",1,0,0,0,1,0,0,0,0,1,"Female"
"260","Firm 53","Employee 2",1,0,0,0,1,0,1,0,0,0,0,1,0,0,0,0,0,0,0,0,0,"N/A","N/A",1,0,0,0,1,0,0,0,0,1,"Female"
"261","Firm 53","Employee 3",1,0,0,0,0,1,1,0,0,0,0,0,1,0,0,0,0,0,0,0,0,"N/A","N/A",1,0,0,0,1,0,0,0,0,0,"Male"
"262","Firm 53","Employee 4",0,0,1,0,0,1,1,0,0,0,0,0,1,0,0,0,0,0,0,0,0,"N/A","N/A",1,0,0,0,1,0,0,0,0,0,"Male"
"263","Firm 53","Employee 5",0,0,1,0,0,1,1,0,0,0,0,0,1,0,0,0,0,0,0,0,0,"N/A","N/A",1,0,0,0,1,0,0,0,0,0,"Male"
"264","Firm 53","Employee 6",1,0,0,0,0,1,1,0,0,0,0,0,1,0,0,0,0,0,0,0,0,"N/A","N/A",1,0,0,0,1,0,0,0,0,0,"Male"
"265","Firm 53","Employee 7",1,0,0,0,0,1,1,0,0,0,0,0,1,0,0,0,0,0,0,0,0,"N/A","N/A",1,0,0,0,1,0,0,0,0,0,"Male"
"266","Firm 53","Employee 8",1,0,0,0,0,1,1,0,0,0,0,0,1,0,0,0,0,0,0,0,0,"N/A","N/A",1,0,0,0,1,0,0,0,0,0,"Male"
"267","Firm 54","Employee 1",0,0,1,0,0,1,0,0,1,0,0,0,0,0,0,0,1,0,0,0,0,"N/A","N/A",1,0,0,0,1,0,0,0,0,0,"Male"
"268","Firm 55","Employee 1",0,1,0,0,0,1,1,0,0,0,0,0,1,0,0,0,0,0,0,0,0,"N/A","N/A",1,0,0,0,1,0,0,0,0,0,"Male"
"269","Firm 55","Employee 2",1,0,0,0,0,1,1,0,0,0,0,0,1,0,0,0,0,0,0,0,0,"15.9","$15.1-$99",1,0,0,0,0,1,0,0,0,0,"Male"
"270","Firm 55","Employee 3",1,0,0,0,0,1,1,0,0,0,0,0,1,0,0,0,0,0,0,0,0,"15.9","$15.1-$99",1,0,0,0,0,1,0,0,0,0,"Male"
"271","Firm 56","Employee 1",1,0,0,0,0,1,0,0,1,0,0,0,0,0,0,0,1,0,0,0,0,"15.9","$15.1-$99",1,0,0,0,0,1,0,0,0,0,"Male"
"272","Firm 56","Employee 2",0,0,0,1,1,0,1,0,0,0,0,1,0,0,0,0,0,0,0,0,0,"15.9","$15.1-$99",1,0,0,0,0,1,0,0,0,0,"Female"
"273","Firm 56","Employee 3",1,0,0,0,0,1,1,0,0,0,0,0,1,0,0,0,0,0,0,0,0,"N/A","N/A",1,0,0,0,1,0,0,0,1,1,"Male"
"274","Firm 57","Employee 1",1,0,0,0,0,1,1,0,0,0,0,0,1,0,0,0,0,0,0,0,0,"N/A","N/A",1,0,0,0,1,0,0,0,1,1,"Male"
"275","Firm 57","Employee 2",1,0,0,0,0,1,0,0,1,0,0,0,0,0,0,0,1,0,0,0,0,"N/A","N/A",1,0,0,0,1,0,0,0,1,1,"Male"
"276","Firm 57","Employee 3",1,0,0,0,0,1,1,0,0,0,0,0,1,0,0,0,0,0,0,0,0,"N/A","N/A",1,0,0,0,1,0,0,0,1,1,"Male"
"277","Firm 57","Employee 4",0,1,0,0,0,1,1,0,0,0,0,0,1,0,0,0,0,0,0,0,0,"N/A","N/A",1,0,0,0,1,0,0,0,1,1,"Male"
"278","Firm 57","Employee 5",0,0,1,0,0,1,1,0,0,0,0,0,1,0,0,0,0,0,0,0,0,"N/A","N/A",1,0,0,0,1,0,0,0,1,1,"Male"
"279","Firm 57","Employee 6",0,0,1,0,0,1,1,0,0,0,0,0,1,0,0,0,0,0,0,0,0,"N/A","N/A",1,0,0,0,1,0,0,0,1,1,"Male"
"280","Firm 57","Employee 7",0,0,0,1,1,0,1,0,0,0,0,1,0,0,0,0,0,0,0,0,0,"N/A","N/A",1,0,0,0,1,0,0,0,1,1,"Female"
"281","Firm 57","Employee 8",1,0,0,0,0,1,1,0,0,0,0,0,1,0,0,0,0,0,0,0,0,"N/A","N/A",1,0,0,0,1,0,0,0,0,0,"Male"
"282","Firm 57","Employee 9",1,0,0,0,0,1,1,0,0,0,0,0,1,0,0,0,0,0,0,0,0,"N/A","N/A",1,0,0,0,1,0,0,0,0,0,"Male"
"283","Firm 57","Employee 10",1,0,0,0,1,0,1,0,0,0,0,1,0,0,0,0,0,0,0,0,0,"N/A","N/A",1,0,0,0,1,0,0,0,0,0,"Female"
"284","Firm 57","Employee 11",1,0,0,0,0,1,1,0,0,0,0,0,1,0,0,0,0,0,0,0,0,"N/A","N/A",1,0,0,0,1,0,0,0,0,0,"Male"
"285","Firm 57","Employee 12",1,0,0,0,1,0,1,0,0,0,0,1,0,0,0,0,0,0,0,0,0,"42.7","$15.1-$99",1,0,0,0,1,0,0,0,0,1,"Female"
"286","Firm 57","Employee 13",1,0,0,0,1,0,1,0,0,0,0,1,0,0,0,0,0,0,0,0,0,"42.7","$15.1-$99",1,0,0,0,1,0,0,0,0,1,"Female"
"287","Firm 57","Employee 14",0,0,0,1,1,0,1,0,0,0,0,1,0,0,0,0,0,0,0,0,0,"42.7","$15.1-$99",1,0,0,0,1,0,0,0,0,1,"Female"
"288","Firm 58","Employee 1",1,0,0,0,0,1,1,0,0,0,0,0,1,0,0,0,0,0,0,0,0,"N/A","N/A",1,0,0,0,1,0,0,0,1,1,"Male"
"289","Firm 58","Employee 2",1,0,0,0,0,1,1,0,0,0,0,0,1,0,0,0,0,0,0,0,0,"N/A","N/A",1,0,0,0,1,0,0,0,1,0,"Male"
"290","Firm 59","Employee 1",0,0,1,0,0,1,1,0,0,0,0,0,1,0,0,0,0,0,0,0,0,"N/A","N/A",1,0,0,0,1,0,0,0,1,0,"Male"
"291","Firm 59","Employee 2",0,0,1,0,0,1,1,0,0,0,0,0,1,0,0,0,0,0,0,0,0,"N/A","N/A",1,0,0,0,1,0,0,0,1,0,"Male"
"292","Firm 60","Employee 1",1,0,0,0,0,1,1,0,0,0,0,0,1,0,0,0,0,0,0,0,0,"N/A","N/A",1,0,0,0,1,0,0,0,0,0,"Male"
"293","Firm 61","Employee 1",1,0,0,0,0,1,1,0,0,0,0,0,1,0,0,0,0,0,0,0,0,"N/A","N/A",1,0,0,0,1,0,0,0,0,0,"Male"
"294","Firm 61","Employee 2",0,0,1,0,0,1,1,0,0,0,0,0,1,0,0,0,0,0,0,0,0,"N/A","N/A",1,0,0,0,1,0,0,0,0,0,"Male"
"295","Firm 62","Employee 1",0,0,1,0,0,1,1,0,0,0,0,0,1,0,0,0,0,0,0,0,0,"N/A","N/A",1,0,0,0,1,0,0,0,0,0,"Male"
"296","Firm 62","Employee 2",0,0,0,1,1,0,1,0,0,0,0,1,0,0,0,0,0,0,0,0,0,"N/A","N/A",1,0,0,0,1,0,0,0,0,0,"Female"
"297","Firm 62","Employee 3",1,0,0,0,0,1,1,0,0,0,0,0,1,0,0,0,0,0,0,0,0,"100","$100+",1,0,0,0,0,0,0,1,0,1,"Male"
"298","Firm 62","Employee 4",1,0,0,0,0,1,1,0,0,0,0,0,1,0,0,0,0,0,0,0,0,"100","$100+",1,0,0,0,0,0,0,1,0,1,"Male"
"299","Firm 62","Employee 5",1,0,0,0,0,1,1,0,0,0,0,0,1,0,0,0,0,0,0,0,0,"N/A","N/A",1,0,0,0,1,1,0,1,0,0,"Male"
"300","Firm 63","Employee 1",0,0,0,1,1,0,1,0,0,0,0,1,0,0,0,0,0,0,0,0,0,"N/A","N/A",1,0,0,0,1,1,0,1,0,0,"Female"
"301","Firm 63","Employee 2",1,0,0,0,0,1,1,0,0,0,0,0,1,0,0,0,0,0,0,0,0,"N/A","N/A",0,0,1,0,1,0,0,0,0,0,"Male"
"302","Firm 63","Employee 3",0,0,1,0,0,1,0,0,1,0,0,0,0,0,0,0,1,0,0,0,0,"N/A","N/A",0,0,1,0,1,0,0,0,0,0,"Male"
"303","Firm 63","Employee 4",1,0,0,0,0,1,1,0,0,0,0,0,1,0,0,0,0,0,0,0,0,"N/A","N/A",1,0,0,0,1,0,0,0,0,0,"Male"
"304","Firm 63","Employee 5",1,0,0,0,0,1,1,0,0,0,0,0,1,0,0,0,0,0,0,0,0,"N/A","N/A",1,0,0,0,1,0,0,0,0,0,"Male"
"305","Firm 63","Employee 6",1,0,0,0,0,1,1,0,0,0,0,0,1,0,0,0,0,0,0,0,0,"N/A","N/A",1,0,0,0,1,0,0,0,0,0,"Male"
"306","Firm 63","Employee 7",1,0,0,0,0,1,1,0,0,0,0,0,1,0,0,0,0,0,0,0,0,"N/A","N/A",1,0,0,0,0,1,0,0,0,1,"Male"
"307","Firm 63","Employee 8",1,0,0,0,0,1,1,0,0,0,0,0,1,0,0,0,0,0,0,0,0,"N/A","N/A",1,0,0,0,0,1,0,0,0,1,"Male"
"308","Firm 63","Employee 9",1,0,0,0,1,0,1,0,0,0,0,1,0,0,0,0,0,0,0,0,0,"N/A","N/A",1,0,0,0,0,1,0,0,0,1,"Female"
"309","Firm 63","Employee 10",1,0,0,0,0,1,1,0,0,0,0,0,1,0,0,0,0,0,0,0,0,"N/A","N/A",1,0,0,0,1,0,0,0,0,1,"Male"
"310","Firm 63","Employee 11",0,0,1,0,1,0,1,0,0,0,0,1,0,0,0,0,0,0,0,0,0,"N/A","N/A",0,1,0,0,0,0,1,0,1,0,"Female"
"311","Firm 64","Employee 1",1,0,0,0,0,1,1,0,0,0,0,0,1,0,0,0,0,0,0,0,0,"N/A","N/A",1,0,0,0,1,0,0,0,0,0,"Male"
"312","Firm 64","Employee 2",1,0,0,0,0,1,1,0,0,0,0,0,1,0,0,0,0,0,0,0,0,"N/A","N/A",1,0,0,0,1,0,0,0,0,0,"Male"
"313","Firm 64","Employee 3",0,0,1,0,0,1,1,0,0,0,0,0,1,0,0,0,0,0,0,0,0,"N/A","N/A",0,0,0,1,0,0,1,0,1,0,"Male"
"314","Firm 64","Employee 4",0,0,1,0,0,1,1,0,0,0,0,0,1,0,0,0,0,0,0,0,0,"N/A","N/A",0,0,0,1,0,0,1,0,1,0,"Male"
"315","Firm 64","Employee 5",1,0,0,0,0,1,1,0,0,0,0,0,1,0,0,0,0,0,0,0,0,"N/A","N/A",0,1,0,0,1,0,0,1,0,0,"Male"
"316","Firm 65","Employee 1",1,0,0,0,0,1,1,0,0,0,0,0,1,0,0,0,0,0,0,0,0,"N/A","N/A",0,1,0,0,1,0,0,1,0,0,"Male"
"317","Firm 65","Employee 2",0,0,0,1,0,1,1,0,0,0,0,0,1,0,0,0,0,0,0,0,0,"N/A","N/A",0,1,0,0,1,0,0,1,0,0,"Male"
"318","Firm 65","Employee 3",0,0,1,0,0,1,1,0,0,0,0,0,1,0,0,0,0,0,0,0,0,"N/A","N/A",0,1,0,0,1,0,0,1,0,0,"Male"
"319","Firm 65","Employee 4",0,0,1,0,1,0,1,0,0,0,0,1,0,0,0,0,0,0,0,0,0,"N/A","N/A",0,1,0,0,1,0,0,1,0,0,"Female"
"320","Firm 65","Employee 5",0,1,0,0,0,1,1,0,0,0,0,0,1,0,0,0,0,0,0,0,0,"N/A","N/A",0,1,0,0,1,0,0,1,0,0,"Male"
"321","Firm 66","Employee 1",1,0,0,0,0,1,1,0,0,0,0,0,1,0,0,0,0,0,0,0,0,"N/A","N/A",0,0,1,0,0,0,1,0,0,0,"Male"
"322","Firm 66","Employee 2",0,1,0,0,1,0,1,0,0,0,0,1,0,0,0,0,0,0,0,0,0,"N/A","N/A",0,0,1,0,0,0,1,0,0,0,"Female"
"323","Firm 67","Employee 1",0,0,0,1,1,0,1,0,0,0,0,1,0,0,0,0,0,0,0,0,0,"N/A","N/A",0,0,1,0,0,0,1,0,0,0,"Female"
"324","Firm 67","Employee 2",0,0,0,1,0,1,1,0,0,0,0,0,1,0,0,0,0,0,0,0,0,"N/A","N/A",0,0,1,0,0,0,1,0,0,0,"Male"
"325","Firm 67","Employee 3",0,0,0,1,0,1,1,0,0,0,0,0,1,0,0,0,0,0,0,0,0,"N/A","N/A",0,0,1,0,0,0,1,0,0,0,"Male"
"326","Firm 67","Employee 4",0,0,0,1,0,1,1,0,0,0,0,0,1,0,0,0,0,0,0,0,0,"N/A","N/A",0,0,1,0,0,0,1,0,0,0,"Male"
"327","Firm 67","Employee 5",0,0,0,1,1,0,1,0,0,0,0,1,0,0,0,0,0,0,0,0,0,"N/A","N/A",0,0,1,0,0,0,1,0,0,0,"Female"
"328","Firm 68","Employee 1",0,0,0,1,1,0,1,0,0,0,0,1,0,0,0,0,0,0,0,0,0,"N/A","N/A",0,0,1,0,0,0,1,0,0,0,"Female"
"329","Firm 68","Employee 2",0,0,1,0,0,1,0,0,1,0,0,0,0,0,0,0,1,0,0,0,0,"N/A","N/A",0,0,1,0,0,0,1,0,0,0,"Male"
"330","Firm 68","Employee 3",0,0,0,1,1,0,0,1,0,0,0,0,0,1,0,0,0,0,0,0,0,"N/A","N/A",0,0,1,0,0,0,1,0,0,0,"Female"
"331","Firm 68","Employee 4",0,0,0,1,0,1,1,0,0,0,0,0,1,0,0,0,0,0,0,0,0,"N/A","N/A",0,0,1,0,0,0,1,0,0,0,"Male"
"332","Firm 68","Employee 5",0,0,0,1,1,0,1,0,0,0,0,1,0,0,0,0,0,0,0,0,0,"N/A","N/A",0,0,1,0,0,0,1,0,0,0,"Female"
"333","Firm 68","Employee 6",1,0,0,0,0,1,1,0,0,0,0,0,1,0,0,0,0,0,0,0,0,"7","$5-$15",1,0,0,0,1,0,0,0,0,1,"Male"
"334","Firm 69","Employee 1",1,0,0,0,0,1,1,0,0,0,0,0,1,0,0,0,0,0,0,0,0,"7","$5-$15",1,0,0,0,1,0,0,0,0,1,"Male"
"335","Firm 69","Employee 2",1,0,0,0,0,1,0,0,1,0,0,0,0,0,0,0,1,0,0,0,0,"N/A","N/A",0,1,0,0,1,1,0,1,1,0,"Male"
"336","Firm 69","Employee 3",1,0,0,0,0,1,1,0,0,0,0,0,1,0,0,0,0,0,0,0,0,"N/A","N/A",0,1,0,0,1,1,0,1,1,0,"Male"
"337","Firm 69","Employee 4",1,0,0,0,0,1,1,0,0,0,0,0,1,0,0,0,0,0,0,0,0,"N/A","N/A",0,1,0,0,1,1,0,1,1,0,"Male"
"338","Firm 69","Employee 5",0,0,1,0,1,0,1,0,0,0,0,1,0,0,0,0,0,0,0,0,0,"N/A","N/A",1,0,0,0,0,0,1,0,1,0,"Female"
"339","Firm 69","Employee 6",0,0,1,0,0,1,1,0,0,0,0,0,1,0,0,0,0,0,0,0,0,"N/A","N/A",1,0,0,0,0,0,1,0,1,0,"Male"
"340","Firm 69","Employee 7",0,0,1,0,0,1,1,0,0,0,0,0,1,0,0,0,0,0,0,0,0,"N/A","N/A",1,0,0,0,0,0,1,0,1,0,"Male"
"341","Firm 69","Employee 8",1,0,0,0,0,1,1,0,0,0,0,0,1,0,0,0,0,0,0,0,0,"N/A","N/A",0,1,0,0,0,0,0,1,0,0,"Male"
"342","Firm 69","Employee 9",0,0,1,0,0,1,0,0,1,0,0,0,0,0,0,0,1,0,0,0,0,"N/A","N/A",0,1,0,0,0,0,0,1,0,0,"Male"
"343","Firm 70","Employee 1",1,0,0,0,0,1,1,0,0,0,0,0,1,0,0,0,0,0,0,0,0,"N/A","N/A",0,0,1,0,1,1,0,1,0,0,"Male"
"344","Firm 70","Employee 2",1,0,0,0,0,1,1,0,0,0,0,0,1,0,0,0,0,0,0,0,0,"N/A","N/A",0,0,1,0,1,1,0,1,0,0,"Male"
"345","Firm 70","Employee 3",0,0,1,0,0,1,1,0,0,0,0,0,1,0,0,0,0,0,0,0,0,"N/A","N/A",0,0,1,0,1,1,0,1,0,0,"Male"
"346","Firm 70","Employee 4",1,0,0,0,0,1,1,0,0,0,0,0,1,0,0,0,0,0,0,0,0,"N/A","N/A",0,0,1,0,1,1,0,1,0,0,"Male"
"347","Firm 70","Employee 5",0,0,0,1,0,1,1,0,0,0,0,0,1,0,0,0,0,0,0,0,0,"N/A","N/A",0,0,1,0,1,1,0,1,0,0,"Male"
"348","Firm 70","Employee 6",0,0,1,0,1,0,1,0,0,0,0,1,0,0,0,0,0,0,0,0,0,"N/A","N/A",0,0,1,0,1,1,0,1,0,0,"Female"
"349","Firm 70","Employee 7",0,0,1,0,1,0,1,0,0,0,0,1,0,0,0,0,0,0,0,0,0,"N/A","N/A",0,0,1,0,1,1,0,1,0,0,"Female"
"350","Firm 70","Employee 8",0,0,1,0,1,0,0,0,1,0,0,0,0,0,0,1,0,0,0,0,0,"N/A","N/A",0,0,1,0,1,1,0,1,0,0,"Female"
"351","Firm 70","Employee 9",0,0,0,1,0,1,1,0,0,0,0,0,1,0,0,0,0,0,0,0,0,"N/A","N/A",0,0,1,0,1,1,0,1,0,0,"Male"
"352","Firm 71","Employee 1",1,0,0,0,0,1,0,0,1,0,0,0,0,0,0,0,1,0,0,0,0,"175","$100+",1,0,0,0,1,0,0,0,0,1,"Male"
"353","Firm 71","Employee 2",0,1,0,0,1,0,1,0,0,0,0,1,0,0,0,0,0,0,0,0,0,"175","$100+",1,0,0,0,1,0,0,0,0,1,"Female"
"354","Firm 71","Employee 3",0,1,0,0,0,1,1,0,0,0,0,0,1,0,0,0,0,0,0,0,0,"175","$100+",1,0,0,0,1,0,0,0,0,1,"Male"
